,total_reward,targets_hit
0,-5593.835691,2
1,44617.36926,3
2,105540.3005,3
3,105352.7759,4
4,19388.7683,2
5,159322.9231,4
6,210882.9445,5
7,214141.3821,4
8,164130.2642,4
9,119413.1841,4
10,16778.41725,2
11,67561.11883,3
12,163146.1448,4
13,133054.5444,4
14,24479.87082,2
15,52829.38246,3
16,229486.5651,5
17,187077.171,4
18,43079.40113,3
19,241829.9111,5
20,126472.4096,4
21,197856.8188,4
22,203718.034,4
23,174685.9232,4
24,337563.1761,6
25,32855.53263,2
26,195706.7538,4
27,424139.4229,6
28,247023.3728,5
29,157567.7514,4
30,21030.08895,2
31,250895.1712,5
32,231951.7006,4
33,74900.89076,3
34,191788.4982,4
35,85999.42114,3
36,73617.85037,3
37,208585.7194,4
38,251938.8041,5
39,415909.8814,6
40,95136.46406,3
41,151275.7516,4
42,175848.0358,4
43,191514.968,4
44,80426.53404,3
45,230729.0222,4
46,294640.4149,5
47,240818.2883,5
48,302303.4932,5
49,377990.4824,6
50,147196.1434,4
51,276637.4091,6
52,16536.56609,2
53,68522.04674,3
54,108085.7747,3
55,213916.0464,4
56,232823.0947,4
57,151951.8776,4
58,111813.479,3
59,355171.6558,5
60,330168.4298,5
61,338202.7866,6
62,153575.9974,4
63,369235.342,6
64,161528.2622,4
65,238260.2121,5
66,19534.34283,2
67,244566.1462,5
68,297037.2951,5
69,189286.4758,4
70,121790.9113,4
71,281797.436,5
72,232493.5782,4
73,204255.5392,4
74,229297.9066,4
75,66543.88811,3
76,336000.9242,5
77,209436.7701,4
78,51345.07389,3
79,181336.9206,4
80,191687.8865,4
81,99546.39925,3
82,228427.1324,4
83,123849.0953,4
84,359004.4384,6
85,153645.4079,4
86,163232.7802,4
87,166396.392,4
88,190674.8666,5
89,190218.339,4
90,250565.4986,5
91,167090.2527,4
92,206914.2677,4
93,110351.6902,4
94,115063.6579,3
95,124695.0176,3
96,120422.6968,3
97,147270.9165,4
98,216420.2754,4
99,446890.1097,6
100,151975.1085,4
101,223763.3797,4
102,24444.53611,2
103,286906.4451,6
104,191896.9993,4
105,193089.163,4
106,110873.2683,3
107,102983.0251,3
108,78955.01136,3
109,286182.2872,6
110,113094.9134,3
111,157146.7978,4
112,181625.6035,4
113,184319.2822,5
114,232978.5951,4
115,306312.3248,5
116,158960.8285,4
117,239800.8692,4
118,198916.5084,4
119,294118.8504,5
120,222790.7112,4
121,261289.8502,5
122,192413.5396,4
123,384309.2825,6
124,101963.694,3
125,291422.9241,5
126,14161.68323,2
127,324179.3669,5
128,126532.6543,4
129,237071.6871,5
130,321759.0488,6
131,222768.296,4
132,192899.5201,5
133,164623.4139,4
134,222158.3503,5
135,153628.3256,4
136,99159.76395,3
137,183125.348,5
138,110850.3672,4
139,50328.08647,3
140,145697.6185,4
141,130536.7121,4
142,152686.8047,5
143,99739.96898,4
144,165331.3833,4
145,140881.6503,4
146,217011.5027,5
147,179025.8078,4
148,186174.8684,5
149,86765.96248,3
150,117100.9754,3
151,182608.6222,4
152,217982.0316,5
153,262730.7649,5
154,163431.0043,4
155,39016.34377,2
156,178396.2083,4
157,337591.4824,5
158,53774.88783,3
159,166787.9116,4
160,300701.5026,5
161,262565.1219,5
162,275865.6752,6
163,244575.6156,6
164,205778.5308,4
165,212619.9345,4
166,75817.36439,4
167,230616.2195,5
168,190291.2189,4
169,191579.4514,4
170,291184.6133,5
171,188702.1224,4
172,179694.349,4
173,272348.6621,5
174,28819.71205,2
175,204703.2517,4
176,121982.5118,4
177,389161.1497,6
178,315548.0142,5
179,175109.8719,4
180,277089.3055,5
181,242280.155,5
182,374630.0624,6
183,351248.3293,5
184,165359.5008,4
185,323933.5139,5
186,186283.5981,5
187,277102.4233,5
188,196943.5659,5
189,205291.073,5
190,208930.6638,4
191,187489.7693,4
192,261875.2245,5
193,152881.3799,4
194,213890.9545,4
195,128581.7357,4
196,216439.7165,4
197,413406.7814,6
198,92251.78216,3
199,201437.7706,4
200,254164.7911,5
201,441848.2912,6
202,252114.8804,5
203,211389.4909,5
204,219528.9423,4
205,249713.3399,5
206,266134.8189,5
207,266398.5816,5
208,133831.4158,4
209,268900.2624,5
210,115504.6608,3
211,173387.9223,5
212,125069.507,4
213,232279.869,5
214,348739.5218,6
215,176723.2718,4
216,395592.0086,6
217,266307.0299,6
218,225266.0661,4
219,327726.4519,5
220,223688.1585,4
221,209889.3858,5
222,241983.3565,5
223,295982.5433,6
224,69995.17029,3
225,265926.6234,5
226,191295.7255,4
227,122872.5495,3
228,106898.344,3
229,194846.6884,4
230,221549.2962,4
231,180287.4348,4
232,215371.3093,4
233,193827.6657,4
234,321746.098,6
235,328580.2521,6
236,236830.4126,4
237,232688.8409,4
238,203240.334,5
239,189913.0101,4
240,20367.42002,2
241,184496.4552,4
242,311827.1709,5
243,193444.7987,4
244,283127.661,5
245,228514.9551,4
246,261545.3932,5
247,220800.8136,4
248,210916.1052,4
249,289641.1692,5
250,291527.3055,5
251,254670.3635,5
252,371320.2963,6
253,249852.9331,5
254,308817.4736,5
255,235167.4361,4
256,222331.8171,4
257,286365.2483,5
258,353696.3109,5
259,321856.6878,5
260,241520.5891,5
261,233929.6424,5
262,277766.3635,5
263,215685.337,4
264,292203.9022,5
265,278607.8615,6
266,200126.9432,4
267,224912.6694,5
268,235519.4063,4
269,400229.3777,6
270,227277.8033,4
271,215817.1871,4
272,215591.8944,4
273,181216.07,4
274,122969.7464,3
275,323355.0308,6
276,272937.6813,5
277,245818.775,5
278,318541.2592,5
279,348744.7476,6
280,122835.9998,3
281,225252.7801,4
282,241723.6727,5
283,317597.2985,5
284,218327.9005,4
285,238124.9817,4
286,357206.92,6
287,123673.3072,3
288,358494.5001,5
289,229425.3897,4
290,207862.6762,5
291,338403.4138,5
292,107132.4739,3
293,247098.7485,5
294,245841.1727,5
295,274818.3368,5
296,297362.418,6
297,256202.9959,5
298,285958.1865,5
299,202774.3268,4
300,263465.8444,5
301,321437.8874,5
302,237596.7645,4
303,291495.5262,5
304,215603.7705,4
305,207670.9059,4
306,230626.0745,4
307,339040.3927,5
308,203194.6886,4
309,271635.7663,5
310,234525.2853,5
311,303875.2849,6
312,384501.1528,6
313,307581.4954,5
314,255399.6597,4
315,223437.3676,5
316,322040.1882,5
317,23436.27377,2
318,273104.2752,5
319,260064.5413,5
320,434459.8737,6
321,254404.099,5
322,263796.5424,5
323,135902.6352,4
324,234660.8995,4
325,249703.611,5
326,399672.6263,6
327,341806.6027,5
328,419688.7789,5
329,352454.2641,5
330,266169.9553,5
331,432874.0882,6
332,314933.9284,5
333,496591.3044,6
334,233615.3982,4
335,318172.6745,5
336,319272.5096,6
337,236419.7837,5
338,381363.2671,6
339,214269.4751,5
340,224879.0893,4
341,294911.8489,5
342,461959.4562,6
343,293879.2827,5
344,28959.56384,2
345,440123.1303,6
346,257788.6765,5
347,162154.607,4
348,118168.8356,3
349,172411.3229,4
350,584583.5857,8
351,410265.9641,5
352,516866.342,7
353,246740.1637,5
354,245579.1525,5
355,110030.1946,3
356,346740.5986,5
357,277168.9507,5
358,367531.4436,5
359,314097.9763,5
360,236916.3069,5
361,264053.3975,5
362,325145.7259,5
363,404346.5703,6
364,233175.9812,4
365,271121.9309,5
366,221304.8892,5
367,337865.4684,6
368,42041.9075,3
369,259481.9166,5
370,284751.4509,5
371,250257.5194,4
372,222169.0859,4
373,172895.8913,4
374,277592.3794,5
375,217637.1066,5
376,292952.2802,5
377,214910.4244,4
378,229305.0198,4
379,389864.1781,6
380,308271.0533,5
381,338176.9955,5
382,371401.4396,6
383,396462.435,6
384,252777.9416,5
385,202111.4552,4
386,212841.3461,4
387,465642.3832,6
388,233905.2346,5
389,154601.6328,4
390,311488.2807,6
391,17479.46784,2
392,105968.3459,3
393,354083.9784,6
394,289318.5153,5
395,357556.4632,6
396,166932.4218,4
397,138221.4819,4
398,288875.9359,5
399,367415.092,6
400,154025.0604,4
401,372208.4927,6
402,94192.07753,4
403,233938.4644,4
404,303194.4514,5
405,202258.8332,4
406,351446.8978,5
407,210847.3333,5
408,278045.3286,5
409,234434.4578,4
410,328175.6364,5
411,210209.3728,4
412,327554.0862,5
413,210636.2676,5
414,193580.3821,4
415,219224.5233,4
416,199319.9733,4
417,468058.8165,6
418,552852.2165,8
419,180579.1444,4
420,334305.2595,5
421,385590.0231,6
422,355000.1461,6
423,284573.0481,5
424,367267.5823,5
425,215420.0609,4
426,351179.1399,5
427,161824.3615,4
428,229695.1907,5
429,347030.7995,5
430,383654.9447,6
431,286726.2786,5
432,427677.0876,6
433,290490.081,5
434,235207.2992,5
435,235297.6506,5
436,216352.1698,5
437,283743.9244,5
438,225738.4797,4
439,329406.5032,5
440,240663.1517,5
441,327298.7044,5
442,355948.8273,6
443,276698.5504,5
444,355434.271,5
445,125667.7664,4
446,227059.3914,4
447,407349.6459,6
448,430285.8886,6
449,113473.9789,3
450,371713.0229,6
451,309527.066,5
452,397699.9973,5
453,216521.0155,4
454,380380.7345,6
455,217497.6434,4
456,330693.6075,6
457,465979.4556,6
458,207728.5048,4
459,264893.9531,5
460,233243.0239,5
461,373364.7523,7
462,106143.0697,3
463,260556.5044,5
464,285752.6051,5
465,207242.8547,4
466,123274.069,3
467,309375.2154,5
468,366206.6532,5
469,343991.8565,5
470,390223.5014,6
471,217714.6102,5
472,299771.6503,5
473,343878.3876,6
474,457152.2398,6
475,364270.1813,6
476,120373.3656,4
477,216491.0786,4
478,323615.2535,5
479,318382.7612,5
480,242711.9441,4
481,278281.1629,5
482,371813.2861,5
483,183872.6557,5
484,443037.9759,6
485,240750.8948,5
486,237526.156,4
487,163271.9276,4
488,342160.2564,5
489,207527.7517,4
490,290428.0632,5
491,356548.4763,5
492,325146.9075,5
493,435997.5115,6
494,240024.3806,4
495,259937.9296,5
496,422988.9731,7
497,331015.1803,5
498,215685.3748,4
499,293884.232,5
500,245309.518,4
501,269353.2117,5
502,255491.7469,5
503,313967.8917,6
504,313694.8593,5
505,327318.2427,5
506,398907.1448,6
507,319304.3676,5
508,299213.522,5
509,250521.0472,5
510,351937.7825,5
511,123651.6396,4
512,372543.721,6
513,392697.5722,6
514,342846.1498,6
515,325617.6974,6
516,218202.4413,4
517,227248.3712,4
518,244488.5591,4
519,239972.3491,5
520,323456.9032,5
521,303444.738,5
522,272676.4893,5
523,351439.0905,5
524,307092.2218,5
525,330974.7415,6
526,406819.6849,6
527,222781.4985,4
528,225738.5326,4
529,407334.1312,6
530,325625.0436,5
531,347968.6993,5
532,210937.9427,5
533,341984.7051,6
534,294151.4475,5
535,283143.9312,5
536,290242.4061,5
537,281798.0846,5
538,321143.1957,5
539,351614.2475,5
540,214581.0365,4
541,310522.1002,6
542,321031.8698,5
543,307875.9526,5
544,339217.4361,6
545,600532.2478,8
546,365328.0105,5
547,227145.7172,4
548,358777.2964,5
549,3713.371261,2
550,229570.2595,4
551,355248.8153,6
552,457909.8644,6
553,229824.969,4
554,240227.0435,5
555,209162.1553,4
556,223234.775,4
557,363580.8939,5
558,242221.6632,4
559,264716.0301,5
560,362177.3902,5
561,248999.6141,5
562,232408.9223,4
563,245493.7749,5
564,274744.5314,5
565,355389.0809,6
566,353948.5564,5
567,249840.9273,5
568,402576.1986,8
569,222176.9886,4
570,234376.9899,4
571,232331.941,4
572,304764.1117,5
573,350596.0667,5
574,214548.383,4
575,234554.2778,4
576,207086.5162,4
577,433947.1557,6
578,374434.9609,5
579,254641.4055,6
580,286548.0376,5
581,321497.2603,5
582,510718.6528,6
583,328401.936,5
584,324837.5835,6
585,181415.5863,4
586,323025.7,5
587,242804.862,4
588,405572.9671,6
589,314298.9857,5
590,342631.7122,6
591,327974.9055,5
592,189426.9016,4
593,390876.3525,6
594,255051.2842,5
595,278360.2755,5
596,309869.7533,5
597,272055.846,5
598,245121.8922,5
599,334857.0576,6
600,325560.3606,5
601,254770.4639,5
602,239089.0019,5
603,333006.1018,6
604,242046.7245,4
605,315117.8337,6
606,341194.0751,6
607,284496.6673,5
608,140058.6937,4
609,343379.8166,6
610,267603.1145,5
611,283640.8003,5
612,580274.8505,6
613,230656.6717,4
614,423281.1459,6
615,303829.9686,5
616,399914.5327,6
617,396513.8544,6
618,331804.0784,5
619,482850.9652,6
620,57517.75965,3
621,481369.7905,6
622,188826.1819,4
623,312727.6162,5
624,460466.1976,6
625,290716.7697,5
626,317137.2374,5
627,326737.8046,6
628,379914.5486,6
629,242809.7142,5
630,314237.576,6
631,219183.7557,4
632,233562.08,4
633,317156.4795,5
634,351736.1446,6
635,481833.3526,6
636,207865.9767,4
637,304519.6235,6
638,354906.3858,5
639,210374.5228,4
640,321863.4043,5
641,241939.1685,5
642,317891.6477,5
643,486221.134,6
644,340951.6629,6
645,225023.7697,4
646,350978.1041,6
647,371322.7112,6
648,223198.335,4
649,300830.9768,5
650,267568.524,5
651,227716.011,5
652,412250.04,6
653,531647.3339,6
654,331927.4011,6
655,273492.8229,5
656,281928.9977,5
657,230157.903,4
658,244263.757,5
659,380551.5517,5
660,392817.5966,6
661,319529.7613,5
662,347676.9006,6
663,230470.3382,5
664,322383.2781,5
665,350721.6033,5
666,418533.9202,6
667,31204.74969,2
668,274449.1434,5
669,337975.3346,5
670,321085.5263,5
671,226490.0394,4
672,283260.2287,5
673,406916.6964,6
674,457354.5191,6
675,443588.9023,6
676,505791.0117,7
677,248715.8042,5
678,290730.8964,5
679,297113.3267,5
680,229202.2445,5
681,350666.3168,5
682,480170.7228,7
683,465213.3657,6
684,223457.7456,4
685,329291.8673,5
686,311510.6659,6
687,446074.9313,6
688,358358.9767,5
689,325294.9066,5
690,504857.1885,6
691,244596.6493,5
692,245149.7231,4
693,174837.3391,4
694,332166.3406,5
695,419098.9453,7
696,239209.0686,4
697,286677.0912,5
698,190088.4851,4
699,338184.1011,5
700,210529.6715,4
701,219367.2367,4
702,238002.1764,4
703,360854.3604,5
704,391999.8408,6
705,608797.2606,8
706,243173.7914,5
707,241993.0732,4
708,238573.5646,5
709,229446.9017,4
710,347215.0943,6
711,428152.441,6
712,228680.6341,4
713,308538.1694,5
714,275118.8981,5
715,318886.7082,6
716,245993.0743,4
717,120033.6238,3
718,215819.0336,4
719,163229.3292,4
720,111353.2278,3
721,286967.9234,5
722,290462.2209,5
723,317003.5497,5
724,356129.3208,5
725,339547.9865,5
726,236647.4054,4
727,447711.3181,7
728,286591.8458,5
729,272456.4861,5
730,218817.64,4
731,321288.2491,5
732,347089.275,6
733,268168.844,5
734,406591.9414,6
735,339895.1485,5
736,216992.5799,5
737,294068.9348,5
738,503040.9857,6
739,451219.1839,6
740,229080.1963,4
741,380628.223,6
742,291240.0647,5
743,332058.586,6
744,160399.0625,4
745,259136.6327,5
746,379796.9024,6
747,449916.2539,6
748,334093.4077,5
749,280752.5601,5
750,306239.4296,5
751,132443.2742,4
752,254778.0075,5
753,241957.0414,4
754,161865.1515,5
755,402198.7363,6
756,313142.1301,5
757,147308.289,4
758,272171.1635,5
759,123563.9316,4
760,350598.4782,6
761,262704.3431,5
762,253552.4843,5
763,235210.4823,4
764,304586.1494,5
765,306181.6269,5
766,229357.6791,4
767,227859.1125,4
768,324728.9744,5
769,240086.36,4
770,328841.1571,5
771,230262.7548,4
772,473011.1981,6
773,223338.7786,4
774,300410.447,6
775,426181.0195,6
776,326335.0019,5
777,531359.9496,7
778,223648.9805,4
779,525800.2781,8
780,292427.6023,5
781,233771.483,4
782,225970.2758,4
783,451465.0771,7
784,112460.5811,3
785,404798.9149,6
786,243850.1403,4
787,351481.4617,5
788,418846.2657,6
789,527102.2912,6
790,230589.8159,4
791,223323.7042,4
792,243144.9834,4
793,113370.1585,3
794,390647.8952,6
795,318853.6926,5
796,431152.8542,6
797,238726.6848,4
798,347677.0952,5
799,273560.2605,5
800,179030.6769,4
801,273802.8524,5
802,215259.5796,4
803,216428.441,4
804,317303.8537,6
805,258428.8442,5
806,238890.0533,4
807,445731.3599,6
808,404038.5103,6
809,348219.3041,5
810,346333.9082,6
811,242720.736,5
812,382987.272,5
813,312840.749,5
814,233880.0678,4
815,339617.6798,5
816,358192.4631,6
817,235063.8468,5
818,403616.6876,5
819,358870.1033,6
820,304204.3288,6
821,328058.3219,6
822,110026.0817,3
823,303473.8905,6
824,508329.1754,6
825,226959.4072,5
826,470046.7222,6
827,488937.1661,6
828,292740.2524,5
829,358999.4763,6
830,507462.4565,6
831,304786.9772,5
832,404292.3887,6
833,355530.4783,6
834,520633.8938,6
835,352295.3741,6
836,317367.1136,6
837,204231.5649,4
838,219765.4324,5
839,217419.4294,4
840,399292.5771,6
841,260580.5911,5
842,312586.2845,6
843,298894.9098,5
844,320485.0761,5
845,218343.9726,4
846,263750.0519,5
847,266174.4808,5
848,286784.4859,5
849,326944.7015,5
850,258808.4458,5
851,235244.0699,4
852,293748.285,6
853,497764.4617,6
854,173078.3258,4
855,211172.7169,4
856,349283.0744,5
857,653360.3339,8
858,365845.7516,6
859,122096.8385,3
860,426935.6716,6
861,327515.1665,5
862,352482.9689,5
863,169292.7179,4
864,326418.5619,5
865,357300.8421,5
866,341959.1776,6
867,282429.4939,6
868,576432.233,8
869,247392.4533,5
870,412164.6325,6
871,239873.759,5
872,361173.8994,6
873,215871.2408,4
874,286627.436,5
875,307706.7113,5
876,242396.7026,4
877,272883.3,5
878,395212.4768,6
879,352902.5094,5
880,171585.9349,4
881,503514.8398,8
882,246553.1535,4
883,375232.8048,6
884,289067.6154,5
885,634484.3933,8
886,258445.0677,5
887,273829.9704,5
888,333845.0774,5
889,289719.7497,5
890,448813.7429,6
891,270912.1579,5
892,284054.069,5
893,477859.4431,6
894,397014.4303,6
895,201097.0034,4
896,303058.6578,5
897,444239.6265,6
898,344815.5028,6
899,241691.0193,4
900,309571.4737,5
901,157589.6682,4
902,289739.4637,5
903,540395.8423,6
904,410179.4784,6
905,229891.8247,4
906,258708.8381,5
907,269628.8274,5
908,361536.5845,5
909,413978.5275,6
910,526766.1107,6
911,357268.2179,6
912,489391.2492,6
913,483401.407,6
914,562543.8204,7
915,329049.5463,6
916,400158.0821,5
917,483607.1375,6
918,323395.5417,6
919,519637.5448,7
920,208856.81,4
921,336200.6388,6
922,310135.9199,5
923,480296.0819,6
924,517213.2466,6
925,403161.249,6
926,204250.4164,4
927,333633.7119,5
928,315553.4857,6
929,286873.1819,5
930,291729.0783,6
931,316029.3727,6
932,477984.2297,6
933,395689.7516,5
934,663828.7261,8
935,364678.6166,5
936,321089.0563,5
937,334915.9517,5
938,533705.6443,6
939,220264.3608,4
940,278372.028,5
941,367988.0391,6
942,236556.6341,4
943,354215.1775,6
944,212515.3276,4
945,311839.994,6
946,356588.8108,5
947,254232.9105,5
948,414525.8079,6
949,273549.3439,5
950,514445.6065,6
951,106417.2127,4
952,417050.9637,6
953,277276.013,5
954,340406.0747,5
955,590939.7026,7
956,371286.3511,6
957,262416.4296,5
958,231685.0251,4
959,218538.429,4
960,237713.6042,4
961,354085.916,6
962,426542.4208,6
963,433811.4724,6
964,437146.3109,6
965,244134.945,4
966,343792.5473,6
967,397764.3604,6
968,307774.8898,5
969,286595.5686,5
970,277893.4286,5
971,458083.2824,6
972,438454.8444,6
973,294544.8103,6
974,209431.6204,4
975,229647.1324,4
976,270796.6242,5
977,310889.0245,6
978,245309.6775,4
979,254532.8312,5
980,348076.6889,5
981,362644.0504,5
982,125627.4944,3
983,280362.2678,5
984,496696.8148,8
985,277084.3634,5
986,356436.6265,6
987,124124.0865,3
988,351614.1459,6
989,410792.5463,6
990,232467.1094,4
991,344000.5163,5
992,482654.262,6
993,351860.8845,5
994,507420.5593,6
995,492977.97,6
996,267687.7647,5
997,281048.1685,5
998,504700.59,6
999,282876.0121,6
1000,264587.4733,5
1001,308100.9499,6
1002,242127.3895,4
1003,290047.0414,6
1004,139437.4708,4
1005,285143.0971,5
1006,373313.6388,5
1007,289576.2163,6
1008,283515.227,5
1009,347730.6559,6
1010,433163.9369,6
1011,334395.7938,5
1012,511232.5432,6
1013,511435.8551,6
1014,294444.2042,5
1015,387234.4274,6
1016,302857.4001,5
1017,260761.289,5
1018,468544.2889,6
1019,250126.1046,5
1020,367277.9314,6
1021,365208.56,6
1022,241156.8602,5
1023,321843.0914,5
1024,333918.0532,6
1025,115624.6889,3
1026,241387.7604,4
1027,400394.7502,5
1028,314521.8782,6
1029,301063.6707,5
1030,235445.5923,4
1031,488654.2537,7
1032,377075.6996,6
1033,284640.7251,5
1034,231662.4251,4
1035,387945.9728,6
1036,442982.7643,6
1037,358052.0865,6
1038,248733.8098,4
1039,124683.3996,3
1040,235450.9592,4
1041,282062.2547,5
1042,358533.1572,6
1043,448742.3753,6
1044,238003.9713,4
1045,224236.9902,4
1046,521301.8069,6
1047,320184.9907,5
1048,270930.6082,5
1049,338449.27,5
1050,242348.2025,4
1051,521473.0198,8
1052,105034.1457,3
1053,423487.4439,6
1054,469145.6688,6
1055,375646.8516,6
1056,296834.287,5
1057,291771.0766,6
1058,358225.6283,5
1059,595531.633,8
1060,444864.8568,6
1061,396038.82,6
1062,231489.4575,4
1063,344065.8433,6
1064,288686.6757,5
1065,442406.9657,6
1066,397557.7145,6
1067,317042.6489,6
1068,246230.5127,5
1069,313302.2544,6
1070,186617.9911,4
1071,396102.3531,6
1072,447624.1279,6
1073,464933.0345,6
1074,445179.4691,6
1075,223068.9868,4
1076,405134.7371,6
1077,406889.3761,6
1078,602654.4279,7
1079,409422.1493,6
1080,341520.1342,6
1081,430979.9041,6
1082,405025.6257,5
1083,364869.5305,5
1084,402596.6404,5
1085,326793.8374,6
1086,344669.2484,6
1087,519373.5759,7
1088,231107.772,4
1089,389498.6214,5
1090,327192.4375,5
1091,406121.5682,6
1092,292089.9829,5
1093,404675.5884,6
1094,450001.9382,6
1095,507396.9155,6
1096,606699.4639,8
1097,259762.1821,5
1098,217256.4204,4
1099,243547.2062,4
1100,230787.5849,4
1101,374937.221,6
1102,593786.9039,8
1103,241700.0948,4
1104,339756.8787,6
1105,493004.4476,6
1106,237875.2989,4
1107,359931.4136,6
1108,338501.1923,6
1109,298622.3619,5
1110,456383.0215,6
1111,610546.2899,7
1112,299626.2633,6
1113,318886.2845,6
1114,400847.2197,5
1115,417869.7244,6
1116,300738.2677,5
1117,476180.954,6
1118,412207.5329,6
1119,408388.6845,6
1120,453240.34,6
1121,376600.2263,6
1122,228759.2738,4
1123,317813.6214,5
1124,393758.0244,6
1125,276159.8074,5
1126,285141.5158,5
1127,774235.7942,8
1128,138939.6706,4
1129,376571.6957,5
1130,365924.9974,5
1131,308813.0288,5
1132,386743.3196,6
1133,553878.454,6
1134,326971.7561,5
1135,232462.577,5
1136,782125.2273,8
1137,363999.5837,6
1138,228012.4734,4
1139,218980.5077,4
1140,260149.4325,5
1141,367585.5846,5
1142,403255.7031,6
1143,360271.7806,6
1144,463762.4471,7
1145,569823.6752,8
1146,345423.1746,6
1147,617743.4769,7
1148,423485.5281,6
1149,320183.2004,6
1150,387055.53,6
1151,411156.8675,6
1152,307389.1185,5
1153,264955.6211,5
1154,116909.3815,3
1155,363789.498,6
1156,326529.013,6
1157,405323.5141,6
1158,366327.303,6
1159,462700.0627,8
1160,241090.0285,4
1161,444478.7407,6
1162,323743.0788,5
1163,579772.5467,8
1164,298738.6916,5
1165,300515.7142,5
1166,389756.4007,6
1167,442580.4995,6
1168,483175.2631,6
1169,267487.1899,5
1170,348138.4969,5
1171,624660.4651,8
1172,310832.5852,5
1173,391895.3333,6
1174,378478.1818,6
1175,352755.1999,6
1176,367045.184,5
1177,354506.4833,5
1178,451473.9115,6
1179,392739.5677,5
1180,345002.358,7
1181,545524.3983,7
1182,300658.8939,5
1183,268029.0582,5
1184,243041.631,4
1185,452571.7055,6
1186,397124.7342,6
1187,433835.7726,6
1188,370150.3609,6
1189,810248.0583,8
1190,244165.9338,4
1191,346473.001,5
1192,500499.4325,6
1193,322042.6408,6
1194,658235.3631,8
1195,336053.7851,5
1196,546106.4133,6
1197,284807.7353,5
1198,249321.2665,5
1199,267249.9846,5
1200,367395.9945,6
1201,333920.1785,5
1202,397109.687,5
1203,493600.5774,6
1204,445633.3508,6
1205,108549.1772,3
1206,319537.1666,5
1207,415342.8048,7
1208,484668.6514,6
1209,491217.4389,6
1210,503340.2974,6
1211,543337.3472,7
1212,249815.4779,4
1213,288072.1137,5
1214,464089.0973,6
1215,478990.5854,6
1216,243151.9277,5
1217,317260.5435,5
1218,369948.7483,6
1219,465813.4557,6
1220,242719.3874,4
1221,279256.9305,5
1222,177108.9573,4
1223,241715.6227,4
1224,357171.457,5
1225,457498.342,6
1226,242622.3287,4
1227,364615.8371,6
1228,394822.6156,5
1229,345434.7869,5
1230,336057.3987,6
1231,332395.8572,6
1232,466092.6411,8
1233,360732.3976,5
1234,390274.4017,6
1235,545726.2342,6
1236,321543.1755,6
1237,500358.8173,6
1238,523646.8705,6
1239,477955.0664,6
1240,456828.2689,6
1241,359787.5276,6
1242,287703.318,5
1243,333972.9063,6
1244,317263.7924,5
1245,282260.3118,5
1246,485460.9555,6
1247,256910.8277,5
1248,198845.5596,4
1249,256175.4628,5
1250,350370.6978,6
1251,335714.7963,6
1252,240522.2559,4
1253,289100.8123,5
1254,270981.2192,5
1255,508121.6137,6
1256,389330.335,5
1257,360086.333,6
1258,187096.2478,5
1259,622559.7894,8
1260,469237.2033,6
1261,522418.3415,6
1262,357195.3948,6
1263,433689.4518,6
1264,565343.5227,7
1265,324133.1293,5
1266,236295.4774,4
1267,244481.3053,4
1268,514372.0504,6
1269,240662.717,4
1270,241427.5906,4
1271,240844.826,4
1272,397335.1213,5
1273,439052.4847,6
1274,124803.1231,3
1275,398296.4064,5
1276,500434.5069,6
1277,230819.2393,4
1278,511181.2467,6
1279,586218.2667,7
1280,299110.298,5
1281,254942.708,5
1282,384424.1924,6
1283,416836.8494,6
1284,239681.8356,4
1285,386020.6836,6
1286,241144.03,4
1287,777452.1946,8
1288,390861.2483,6
1289,418269.9235,6
1290,394245.284,6
1291,419335.1714,6
1292,357516.5006,6
1293,422765.7513,7
1294,453947.396,6
1295,219028.6155,4
1296,466479.1987,6
1297,441025.4864,6
1298,264110.4652,5
1299,345558.6705,5
1300,449873.1215,6
1301,432008.0813,6
1302,236970.0817,5
1303,215355.4745,4
1304,373149.5065,6
1305,469304.3587,6
1306,456217.064,6
1307,282210.7074,5
1308,325143.8634,6
1309,426222.769,6
1310,348455.666,5
1311,549134.0358,7
1312,259816.1587,5
1313,466909.2334,7
1314,384328.3609,5
1315,530694.7954,8
1316,241136.8608,4
1317,338094.8584,5
1318,464883.2718,6
1319,312504.9843,5
1320,404943.7036,5
1321,269352.0594,6
1322,490255.7187,6
1323,699122.7581,8
1324,246008.9217,4
1325,470676.7491,6
1326,478700.3433,6
1327,672426.0419,8
1328,479251.1685,6
1329,345840.7103,5
1330,855997.0082,8
1331,471396.2408,6
1332,526984.7722,6
1333,259948.5242,5
1334,292365.2257,5
1335,314783.5375,5
1336,406050.7804,6
1337,528730.2719,7
1338,456260.2701,6
1339,329800.4789,5
1340,455045.4761,6
1341,514282.7554,6
1342,357745.5333,5
1343,432545.4945,6
1344,385484.2348,5
1345,536051.7093,6
1346,326476.8476,5
1347,425694.7477,8
1348,455534.1185,6
1349,535029.8123,6
1350,268479.4901,5
1351,583524.3277,8
1352,204040.4168,4
1353,387293.2526,6
1354,465892.1725,6
1355,572211.5854,8
1356,666029.0181,8
1357,511214.5001,6
1358,337061.0664,5
1359,428111.4593,8
1360,328173.764,6
1361,460281.9359,6
1362,374038.1358,5
1363,426237.0663,6
1364,264013.8045,5
1365,130517.7669,4
1366,367652.8893,5
1367,474406.8368,6
1368,454920.0193,6
1369,525853.006,6
1370,542888.271,6
1371,440774.5695,8
1372,447427.4965,6
1373,588784.7478,7
1374,383525.6402,5
1375,442937.5269,6
1376,244148.5681,4
1377,600936.851,8
1378,440186.5252,7
1379,250840.2146,5
1380,519478.142,7
1381,441579.4915,6
1382,240031.1784,4
1383,511560.5092,6
1384,302016.7994,5
1385,550432.9055,7
1386,824630.8029,9
1387,391750.5336,6
1388,479882.9441,6
1389,587470.6364,8
1390,291526.2662,5
1391,318978.922,5
1392,338753.5787,5
1393,410896.2289,6
1394,496561.2472,6
1395,446065.6747,6
1396,317283.8461,5
1397,455374.1515,7
1398,449999.1434,6
1399,421211.8779,6
1400,501982.906,8
1401,489679.5217,8
1402,402839.5522,6
1403,338167.0554,5
1404,371921.2182,6
1405,228266.1256,4
1406,297372.8837,5
1407,474603.9706,6
1408,441690.5342,7
1409,294948.9095,5
1410,337627.8404,5
1411,413936.9638,6
1412,465720.8374,7
1413,408273.7753,6
1414,307773.4142,5
1415,430344.1462,6
1416,264027.6353,5
1417,349907.3903,6
1418,419692.886,6
1419,393359.662,6
1420,695499.4764,8
1421,574866.8498,8
1422,420847.4755,8
1423,353176.3817,5
1424,269318.706,5
1425,382429.0498,5
1426,360476.8168,5
1427,440117.2521,6
1428,438672.0982,6
1429,392094.9038,6
1430,483233.7484,6
1431,382779.7122,5
1432,382200.2022,6
1433,228682.7939,4
1434,495635.1466,6
1435,518900.1889,6
1436,362793.3519,5
1437,474724.1168,6
1438,536626.9666,7
1439,570542.2176,7
1440,430892.0687,6
1441,666387.9692,8
1442,474880.7199,7
1443,506817.246,7
1444,308217.5985,6
1445,514933.7555,6
1446,346311.4044,5
1447,220211.6689,4
1448,495584.5459,6
1449,420684.0287,6
1450,233853.199,5
1451,341667.08,5
1452,362571.4984,5
1453,398510.4861,6
1454,459092.2314,7
1455,336940.8221,5
1456,440538.8951,6
1457,365459.2807,6
1458,363053.7622,6
1459,380071.5844,6
1460,379405.2003,5
1461,398251.0591,6
1462,542081.1021,6
1463,444399.4697,7
1464,341768.6499,5
1465,385706.2233,5
1466,420946.99,6
1467,388521.6376,6
1468,345455.0002,5
1469,338722.5902,6
1470,427557.6917,6
1471,238988.5869,4
1472,483831.4724,6
1473,376077.8173,6
1474,402114.7704,6
1475,450384.0656,6
1476,309420.672,6
1477,508267.4596,6
1478,353472.0828,6
1479,343882.6398,6
1480,241525.5592,4
1481,221117.7626,4
1482,401826.4953,6
1483,240486.8534,5
1484,362313.8973,6
1485,614376.8776,7
1486,427410.7896,6
1487,368286.7338,5
1488,399034.7976,6
1489,433907.6684,6
1490,210162.0251,4
1491,338368.4825,5
1492,297608.497,5
1493,341701.6292,6
1494,298866.2275,5
1495,407842.7773,6
1496,449386.1109,6
1497,366755.8664,6
1498,508521.9532,6
1499,285575.9029,6
1500,382984.5087,5
1501,340814.9524,5
1502,440240.4977,6
1503,465301.0817,6
1504,360883.2931,5
1505,268661.9506,5
1506,344467.3234,6
1507,272096.5322,5
1508,449161.8829,6
1509,116298.9687,3
1510,338724.1974,6
1511,520113.6591,6
1512,298036.2446,6
1513,376827.6077,5
1514,487863.8829,7
1515,425953.6071,6
1516,406112.1026,6
1517,527300.9053,6
1518,363305.8924,6
1519,440296.6685,8
1520,378675.1532,5
1521,367583.1536,6
1522,479938.0947,6
1523,405034.2793,6
1524,413985.0057,6
1525,293827.4103,5
1526,358436.3108,6
1527,260534.495,5
1528,493610.6383,6
1529,372709.3855,5
1530,231996.953,4
1531,511911.5801,6
1532,505927.7204,7
1533,461583.8309,7
1534,644029.486,8
1535,461193.8451,6
1536,369501.7083,6
1537,506239.8593,7
1538,535893.6595,7
1539,298150.9648,5
1540,481876.968,7
1541,451544.0285,6
1542,458018.4567,6
1543,380374.1388,6
1544,415195.4866,6
1545,408974.387,6
1546,397203.4174,6
1547,313959.3861,5
1548,495008.3853,8
1549,408439.0131,6
1550,403987.5873,6
1551,356211.2364,6
1552,418079.3577,6
1553,339204.5518,5
1554,457351.1319,6
1555,497918.8508,8
1556,461939.0652,7
1557,516155.0187,8
1558,380985.3823,5
1559,403101.5521,6
1560,497428.2641,6
1561,349629.097,5
1562,377433.0595,6
1563,239361.5248,5
1564,335852.4343,5
1565,339390.3064,6
1566,446041.4843,7
1567,569758.8038,8
1568,514296.7557,6
1569,287699.7723,5
1570,243053.495,4
1571,430848.4835,6
1572,357653.9688,6
1573,361050.5888,5
1574,389546.2936,5
1575,680230.7614,8
1576,505856.5395,6
1577,218584.766,4
1578,429415.492,6
1579,467987.4812,6
1580,377068.1887,5
1581,349530.7114,5
1582,347966.4608,5
1583,380134.5185,5
1584,671022.6751,8
1585,311719.5178,5
1586,437038.3753,6
1587,236592.5425,4
1588,430910.0929,6
1589,448019.0181,6
1590,316624.2809,5
1591,306042.4706,5
1592,523591.6027,6
1593,635597.4769,8
1594,536161.8342,7
1595,357962.7619,6
1596,532802.9243,6
1597,340225.2403,6
1598,408899.225,6
1599,363462.4516,5
1600,378975.8336,6
1601,428670.3918,6
1602,242632.0895,4
1603,215538.7602,4
1604,289557.0274,5
1605,565893.6303,8
1606,402368.8639,6
1607,443324.6014,6
1608,394004.1451,5
1609,307702.6547,6
1610,365200.5638,5
1611,625896.9183,8
1612,383098.546,6
1613,461161.3337,7
1614,267370.1878,5
1615,398043.5067,6
1616,462604.3437,6
1617,417064.8487,6
1618,559816.5219,7
1619,464768.0427,6
1620,838447.1706,8
1621,378921.3436,5
1622,541965.5673,6
1623,594857.1166,8
1624,380245.9704,5
1625,322793.0787,5
1626,487330.8454,6
1627,446143.0272,6
1628,356566.7445,5
1629,378617.7117,6
1630,484301.2846,7
1631,495102.6453,6
1632,547862.0364,6
1633,615818.9073,8
1634,533030.9462,7
1635,415930.8712,6
1636,481294.3513,6
1637,339386.6635,5
1638,656837.857,8
1639,544899.2393,6
1640,494237.6678,6
1641,795559.2383,8
1642,625190.5552,7
1643,507583.277,6
1644,570992.8426,7
1645,333500.8379,5
1646,357170.5793,5
1647,391214.8082,5
1648,510542.5123,6
1649,374695.552,5
1650,436433.1777,6
1651,539324.6912,6
1652,479097.7622,8
1653,415094.4427,6
1654,392634.7459,5
1655,519857.7685,6
1656,338336.9489,5
1657,411208.8832,6
1658,352998.4527,6
1659,518696.8392,6
1660,442894.048,6
1661,446669.9229,6
1662,463860.3456,6
1663,555422.0751,6
1664,428933.3509,6
1665,484854.6369,8
1666,386214.7944,5
1667,339493.3549,5
1668,423103.142,6
1669,522828.1903,6
1670,531837.6939,6
1671,436439.62,6
1672,289964.2101,5
1673,507203.7372,6
1674,269635.0985,5
1675,489600.0498,6
1676,394023.8896,5
1677,304877.6265,5
1678,505362.9807,6
1679,451776.9287,6
1680,516775.9472,7
1681,618012.5159,7
1682,439702.5169,7
1683,372627.7786,5
1684,442700.428,7
1685,282276.5807,5
1686,272106.0974,5
1687,223176.3216,4
1688,489368.6943,7
1689,114840.6745,3
1690,483507.7907,6
1691,542469.1487,7
1692,442742.7351,6
1693,503418.0434,6
1694,579913.1612,7
1695,625378.1374,7
1696,551151.2689,6
1697,464905.3244,7
1698,396572.3011,5
1699,239358.562,5
1700,347624.6869,5
1701,497398.3374,6
1702,312737.2355,6
1703,508710.2764,7
1704,393555.3608,5
1705,529288.0089,6
1706,236135.8925,4
1707,421835.6872,6
1708,343175.5302,5
1709,367651.9132,6
1710,242142.0741,4
1711,461720.2005,6
1712,372302.1108,5
1713,452529.9776,6
1714,274983.6709,5
1715,692637.5629,8
1716,315452.758,5
1717,272154.8228,6
1718,581276.1707,7
1719,238715.3666,4
1720,322657.5581,6
1721,379062.4082,5
1722,319677.6454,5
1723,493723.0026,6
1724,414797.2168,7
1725,447615.8413,6
1726,302038.4128,5
1727,603221.593,7
1728,80685.7916,3
1729,356391.256,5
1730,336110.831,5
1731,311040.3135,5
1732,886370.423,8
1733,522154.0651,7
1734,413179.3595,6
1735,424727.0603,6
1736,292974.4297,5
1737,228114.5978,4
1738,359064.5342,5
1739,124285.0535,3
1740,788495.4136,8
1741,260814.9848,5
1742,337317.7,6
1743,500264.7357,6
1744,271053.6163,5
1745,579497.5355,7
1746,206881.2015,4
1747,431532.1533,6
1748,243810.4179,4
1749,348279.2208,6
1750,207983.0857,4
1751,286105.433,5
1752,534163.615,6
1753,259354.4218,5
1754,200963.1018,5
1755,535515.9222,6
1756,381820.1947,5
1757,266873.3997,5
1758,392888.3685,6
1759,318459.8043,5
1760,232792.5095,4
1761,375496.7786,5
1762,253696.3343,5
1763,393730.3496,5
1764,329040.7742,5
1765,263925.9876,5
1766,223379.6657,4
1767,501669.5396,6
1768,437218.0947,6
1769,384701.0809,6
1770,342215.7409,6
1771,247017.155,6
1772,216057.7024,5
1773,340208.3585,5
1774,267281.9241,5
1775,286187.4419,5
1776,342731.7461,6
1777,238799.0314,4
1778,239940.403,5
1779,596453.5596,6
1780,377816.4933,5
1781,285329.4725,6
1782,346781.1388,6
1783,544526.0082,6
1784,793768.5099,8
1785,226812.0767,4
1786,441859.3575,6
1787,261242.6275,5
1788,305554.5645,5
1789,103373.2842,3
1790,286192.6699,5
1791,285693.0201,6
1792,404421.7072,6
1793,671272.4399,8
1794,306078.7657,6
1795,133081.2097,4
1796,523373.7541,6
1797,543242.5548,6
1798,534452.1117,7
1799,101423.2327,3
1800,474480.3572,6
1801,283179.966,5
1802,328281.6649,5
1803,86684.10513,3
1804,426403.5337,7
1805,702210.7688,8
1806,224634.0054,4
1807,233224.792,4
1808,222451.8588,4
1809,440762.6101,6
1810,349623.1193,5
1811,303994.9028,5
1812,418618.5089,6
1813,276667.5908,5
1814,288225.0624,5
1815,255878.9235,5
1816,386087.2632,6
1817,129146.401,4
1818,450450.3771,6
1819,218199.0646,4
1820,464455.6543,6
1821,468743.7873,7
1822,450626.9012,7
1823,498930.125,7
1824,383285.8857,6
1825,359668.4741,5
1826,258911.3528,5
1827,379715.3099,6
1828,243046.1868,4
1829,234627.1104,4
1830,671786.946,8
1831,335935.3269,6
1832,505412.0845,7
1833,312693.1639,5
1834,365401.2741,5
1835,530239.8819,6
1836,342152.9784,5
1837,391594.9161,6
1838,352389.7776,6
1839,237069.0758,5
1840,222051.4725,4
1841,113577.3549,3
1842,297656.8346,6
1843,335810.4922,5
1844,227348.8024,4
1845,319028.2091,5
1846,105717.4868,3
1847,933506.3403,9
1848,148855.356,4
1849,396406.5211,6
1850,378978.9535,5
1851,552710.4484,7
1852,401005.3095,6
1853,223238.7564,5
1854,357850.5816,6
1855,754847.9818,8
1856,412644.8369,6
1857,440910.4611,6
1858,231747.7035,5
1859,762751.2557,8
1860,343680.7642,6
1861,378386.6559,5
1862,124361.6591,3
1863,213122.0017,4
1864,354316.8288,6
1865,334196.3136,5
1866,252487.3998,5
1867,359734.778,6
1868,234927.262,5
1869,124186.0701,3
1870,231810.955,4
1871,679649.7794,8
1872,315638.959,5
1873,275868.1064,6
1874,302781.2382,5
1875,274407.9027,5
1876,565496.5342,6
1877,346364.7229,5
1878,275170.6301,5
1879,357315.7143,5
1880,448629.5927,7
1881,414518.9108,6
1882,395303.7927,6
1883,234896.9577,4
1884,272997.2898,5
1885,481280.3425,6
1886,463947.4726,6
1887,448300.9546,6
1888,250644.4126,5
1889,354647.8093,6
1890,187706.232,4
1891,516249.3587,8
1892,245617.8943,5
1893,550827.0117,6
1894,510959.3417,6
1895,549479.1963,7
1896,222696.7269,4
1897,301997.7506,5
1898,233645.1789,4
1899,255593.7207,5
1900,821939.2289,8
1901,117276.0691,3
1902,238501.3857,5
1903,348703.8238,6
1904,575929.338,6
1905,317796.0964,5
1906,499992.1452,6
1907,310608.9078,5
1908,354617.964,6
1909,272719.3392,5
1910,355267.4286,5
1911,315209.1264,5
1912,225160.2523,4
1913,173862.5959,4
1914,362460.7909,6
1915,389179.5748,6
1916,571661.355,8
1917,425758.9714,6
1918,389321.3556,6
1919,274758.879,5
1920,629769.4803,7
1921,374172.4116,5
1922,433995.969,6
1923,398089.7669,6
1924,394188.1439,6
1925,147916.7746,4
1926,443084.7345,6
1927,466260.9463,6
1928,352956.4629,5
1929,115180.498,3
1930,396739.3617,5
1931,511669.6304,6
1932,376692.1731,6
1933,400491.9337,6
1934,366197.0626,5
1935,230413.7162,4
1936,379762.5897,5
1937,406655.0418,6
1938,581390.7999,7
1939,581945.9192,8
1940,112908.0437,3
1941,269719.816,6
1942,513630.8648,6
1943,327411.7785,6
1944,602243.8485,8
1945,229809.6674,4
1946,335356.2127,6
1947,571613.5206,7
1948,458526.2228,6
1949,440429.2831,6
1950,306656.6276,6
1951,587555.8936,6
1952,335680.1517,5
1953,553347.9899,6
1954,254386.6551,6
1955,391320.7153,5
1956,274857.6417,5
1957,304556.6311,5
1958,100172.5477,3
1959,592487.4458,8
1960,222383.4943,5
1961,424121.2943,6
1962,274308.0186,5
1963,292325.7747,6
1964,372596.6891,5
1965,532191.1386,6
1966,489645.9908,7
1967,549482.8854,6
1968,299033.5669,5
1969,429555.6259,6
1970,336473.5802,6
1971,346373.7667,5
1972,604303.8179,8
1973,510470.4635,6
1974,396927.8632,6
1975,397865.4918,6
1976,526593.4244,7
1977,400429.793,6
1978,122988.1589,3
1979,300255.0224,6
1980,864980.9233,8
1981,341027.6593,5
1982,350966.3471,6
1983,243708.9825,5
1984,352487.7903,5
1985,304015.356,5
1986,297735.3752,5
1987,209356.7451,4
1988,466670.1184,7
1989,243640.1617,5
1990,417458.9506,6
1991,398659.9558,6
1992,724274.4156,8
1993,199872.3619,5
1994,317047.7288,5
1995,560140.089,7
1996,451201.3172,6
1997,278071.8148,5
1998,183527.1909,5
1999,306511.1593,5
2000,312648.1498,6
2001,406555.001,5
2002,344833.8634,5
2003,212391.7737,4
2004,473467.9829,6
2005,532142.0293,7
2006,95127.07986,3
2007,395702.0611,6
2008,598771.0788,7
2009,536079.0526,6
2010,415974.1452,6
2011,214253.0807,5
2012,512343.3648,6
2013,521321.9952,7
2014,316710.4189,5
2015,320385.2812,6
2016,557667.0725,8
2017,449232.4751,6
2018,304529.3904,5
2019,521648.3009,6
2020,260022.3813,5
2021,258056.6634,5
2022,240976.96,5
2023,412498.2515,6
2024,365112.5979,6
2025,341078.6813,6
2026,224039.0593,5
2027,276201.9022,5
2028,263226.4805,5
2029,383133.8368,6
2030,105781.0593,3
2031,292444.0463,6
2032,435262.5105,6
2033,486004.5118,6
2034,332882.9332,6
2035,466865.4505,6
2036,359582.7022,5
2037,312868.0733,5
2038,411854.4934,6
2039,376266.6776,6
2040,254852.7476,5
2041,330895.7909,6
2042,387088.7964,6
2043,504108.3385,7
2044,757003.773,8
2045,344880.5655,6
2046,555090.1709,6
2047,606929.2329,7
2048,416640.2307,6
2049,318972.1933,6
2050,342602.6122,6
2051,490898.8207,6
2052,498222.8331,7
2053,482539.6122,6
2054,544697.4709,6
2055,164425.3555,4
2056,510495.125,7
2057,768877.8292,8
2058,461269.6017,6
2059,503556.4079,6
2060,335655.2277,5
2061,410785.6357,6
2062,309417.1808,6
2063,472442.9063,8
2064,330263.011,6
2065,296028.7182,6
2066,481397.3107,6
2067,376599.8233,6
2068,485877.3631,6
2069,358227.6859,6
2070,471258.0171,6
2071,309766.4484,6
2072,276130.779,5
2073,257115.7815,5
2074,392436.4065,6
2075,349172.3063,5
2076,674228.9969,8
2077,552614.3602,8
2078,531030.3238,6
2079,451119.8641,6
2080,401049.2004,6
2081,309932.4386,5
2082,769121.7593,8
2083,533190.023,6
2084,360874.0573,5
2085,476765.4378,6
2086,451872.6509,6
2087,262561.6235,5
2088,487707.7134,6
2089,628735.341,8
2090,443074.2541,6
2091,346846.263,6
2092,414571.8778,6
2093,406293.2689,6
2094,313668.0933,5
2095,294807.5414,5
2096,385440.8609,6
2097,198011.8812,4
2098,337527.0292,6
2099,407618.0421,5
2100,380069.1127,6
2101,355234.514,5
2102,354759.2897,5
2103,570792.3332,6
2104,549012.2423,6
2105,189483.3703,5
2106,286765.4403,6
2107,327091.5055,5
2108,495729.7265,6
2109,655090.5353,8
2110,546194.1174,7
2111,437889.0051,7
2112,61676.22596,3
2113,684665.636,8
2114,357951.4341,6
2115,310680.8037,5
2116,404588.4759,6
2117,249561.9298,5
2118,207764.4047,5
2119,439091.7694,6
2120,506039.8539,6
2121,375780.3158,6
2122,330716.4075,6
2123,293570.9998,5
2124,466003.2873,6
2125,380250.0145,6
2126,365068.5879,5
2127,364188.5998,6
2128,308259.136,5
2129,714101.5566,8
2130,289493.0866,6
2131,332678.6352,5
2132,452445.1366,6
2133,442819.5038,6
2134,348985.5501,5
2135,303927.4197,5
2136,413843.1267,6
2137,348801.404,5
2138,424597.153,6
2139,404848.1632,5
2140,625942.3963,7
2141,372042.5431,6
2142,962090.0757,9
2143,200259.8373,4
2144,462623.0531,7
2145,471188.1421,6
2146,261277.593,6
2147,355067.8088,6
2148,363274.8526,6
2149,700545.0052,8
2150,1086825.841,8
2151,238808.0584,5
2152,835065.5447,8
2153,423501.5393,6
2154,442217.4453,6
2155,249602.7503,4
2156,303714.8918,5
2157,387909.2275,5
2158,248072.6187,4
2159,364258.49,5
2160,285048.1836,5
2161,510529.2996,7
2162,423141.7898,6
2163,309364.9779,5
2164,429028.7553,6
2165,602377.8339,7
2166,472503.4323,6
2167,338810.6122,6
2168,475559.9679,6
2169,497430.81,6
2170,575473.0854,6
2171,232182.034,5
2172,261206.4367,5
2173,314015.1475,6
2174,404517.2769,6
2175,447506.442,7
2176,226270.7934,5
2177,561620.9495,8
2178,193368.1574,4
2179,415284.8187,6
2180,372654.4018,6
2181,532099.7316,6
2182,484857.2103,7
2183,428666.6063,6
2184,427559.7519,6
2185,292728.1319,5
2186,402611.0063,6
2187,483284.4058,6
2188,361131.424,5
2189,461892.8488,6
2190,513447.6702,8
2191,233956.2918,5
2192,363757.8033,5
2193,156273.036,4
2194,412700.9595,6
2195,447032.1344,6
2196,212201.7034,4
2197,452496.7112,6
2198,454132.8766,6
2199,511289.6922,7
2200,222874.1303,5
2201,321513.1486,5
2202,444806.3505,6
2203,700966.3905,8
2204,436914.0158,6
2205,428924.0066,5
2206,940275.6924,8
2207,246095.0666,4
2208,491988.4693,6
2209,294681.6081,5
2210,720860.9568,8
2211,560794.8301,7
2212,274578.8787,5
2213,365298.661,5
2214,365362.5688,6
2215,399214.8195,6
2216,469807.5797,6
2217,517913.9667,7
2218,441734.6134,6
2219,578557.8404,8
2220,414928.6325,6
2221,424596.4595,6
2222,395055.7468,6
2223,479164.2949,6
2224,459490.5841,6
2225,484181.1954,6
2226,492219.2387,6
2227,307785.1032,5
2228,438305.1626,7
2229,629667.8639,7
2230,535998.922,6
2231,571566.6702,8
2232,468421.77,6
2233,317788.5841,6
2234,451852.6386,6
2235,441530.8282,6
2236,369331.1587,6
2237,353447.8549,6
2238,597237.252,8
2239,487462.2714,6
2240,640470.0861,8
2241,286049.9215,5
2242,567055.1817,8
2243,490152.0588,6
2244,558540.1245,6
2245,432788.7414,6
2246,556324.9559,8
2247,551876.4011,6
2248,315357.7854,6
2249,409326.3914,6
2250,490855.584,6
2251,499379.6136,6
2252,401148.5231,5
2253,724506.362,8
2254,321267.7166,6
2255,408248.0653,6
2256,238776.8757,5
2257,320719.5521,5
2258,475600.6379,6
2259,368309.9123,5
2260,230023.6298,4
2261,333570.6908,5
2262,234720.4283,4
2263,413613.6777,6
2264,400144.136,6
2265,616848.3783,8
2266,118677.4973,3
2267,447542.1133,6
2268,360299.7245,5
2269,325064.4874,5
2270,254285.7802,5
2271,412015.5468,6
2272,802140.22,8
2273,347128.1753,5
2274,578064.1338,8
2275,620910.1506,7
2276,662331.2048,8
2277,293950.2692,5
2278,407019.2012,6
2279,227300.4582,5
2280,252007.8144,5
2281,290724.8764,5
2282,381609.8878,5
2283,438252.5347,6
2284,449589.8258,6
2285,475285.7226,6
2286,893704.5929,8
2287,449058.1407,6
2288,363293.4755,6
2289,784198.5081,8
2290,320983.5632,5
2291,209501.4247,4
2292,504173.6865,6
2293,384464.6942,6
2294,224152.0477,4
2295,295098.9163,6
2296,679378.5826,7
2297,543122.2835,7
2298,379182.2873,5
2299,398415.0172,6
2300,331986.6009,6
2301,235934.9889,5
2302,475342.7637,6
2303,387815.3106,6
2304,421711.8589,6
2305,352833.2397,5
2306,437854.4603,8
2307,114758.5244,3
2308,178664.0852,4
2309,471363.0701,6
2310,473414.3584,7
2311,395853.6266,5
2312,376991.9029,6
2313,464443.889,6
2314,499974.0095,6
2315,949804.4869,9
2316,241997.1671,4
2317,200374.3401,5
2318,859438.586,8
2319,389996.2451,6
2320,423771.9778,6
2321,500894.0768,6
2322,584878.4802,7
2323,482680.6302,6
2324,370092.8031,6
2325,360949.269,6
2326,531048.2656,7
2327,586069.9476,6
2328,622578.6327,8
2329,392752.7816,5
2330,126755.1149,3
2331,326241.8683,6
2332,399831.7409,6
2333,388747.843,6
2334,602495.4988,8
2335,561716.9708,8
2336,120196.5902,3
2337,429273.4248,6
2338,416608.8523,6
2339,510840.5146,8
2340,407979.8572,6
2341,382034.0321,5
2342,333339.2673,5
2343,385353.3999,6
2344,447876.7949,6
2345,448862.2813,6
2346,505223.2414,7
2347,434564.1114,6
2348,419509.9662,6
2349,251834.7646,5
2350,416340.3548,6
2351,271901.0153,5
2352,482459.2941,6
2353,411482.0497,6
2354,116678.3679,3
2355,295427.8901,5
2356,396082.1953,6
2357,635997.0252,7
2358,396410.351,6
2359,395983.1376,7
2360,397842.6982,6
2361,319851.3974,6
2362,358033.4255,6
2363,412862.3819,6
2364,350027.8837,6
2365,258866.7715,5
2366,522090.6173,6
2367,309728.3003,6
2368,504334.7602,6
2369,401118.2395,6
2370,340435.1073,5
2371,801191.4371,8
2372,479777.9196,6
2373,138255.7015,4
2374,155829.6477,4
2375,656043.0934,8
2376,561647.7053,6
2377,463952.169,6
2378,455349.6865,6
2379,487481.5637,6
2380,414893.6625,7
2381,303379.5096,5
2382,430248.7032,6
2383,459541.9904,6
2384,489014.5608,6
2385,269453.0846,5
2386,426998.2098,6
2387,554457.049,8
2388,412643.8824,6
2389,428567.0881,6
2390,523695.5122,7
2391,471544.9097,7
2392,1019820.32,8
2393,335823.4155,5
2394,462913.0178,6
2395,446914.1262,6
2396,449651.269,6
2397,413355.659,6
2398,211973.0501,4
2399,429407.7722,6
2400,491726.6833,8
2401,256148.0295,5
2402,307442.9135,5
2403,657114.4617,8
2404,551303.6297,7
2405,364258.9646,6
2406,240143.4304,4
2407,473602.9257,6
2408,419665.0086,8
2409,95909.20871,3
2410,386024.2126,6
2411,488943.2302,6
2412,463214.0484,6
2413,357204.964,5
2414,990183.1659,8
2415,396624.6727,6
2416,443134.2634,6
2417,450064.0118,6
2418,577774.6782,6
2419,468937.4083,6
2420,714668.6006,8
2421,388049.7136,6
2422,245029.4878,5
2423,503352.6175,6
2424,392565.0158,6
2425,485825.0189,6
2426,728359.0685,8
2427,490549.6426,6
2428,598471.9168,8
2429,495102.4624,7
2430,373437.0447,6
2431,640968.6877,8
2432,555680.4196,6
2433,278429.592,5
2434,380287.5176,6
2435,393127.0022,5
2436,233021.5845,4
2437,336578.4159,6
2438,385537.4656,6
2439,286784.5153,6
2440,406097.8797,6
2441,720330.1243,8
2442,370653.9727,5
2443,494247.8251,6
2444,483654.0779,6
2445,442434.5368,7
2446,344056.2496,5
2447,392739.4669,6
2448,600834.8619,7
2449,451094.3794,7
2450,777450.0414,8
2451,458293.4999,6
2452,691082.3264,7
2453,918031.6349,8
2454,503644.2646,6
2455,541999.3361,7
2456,345038.1107,5
2457,516224.7102,6
2458,475000.9571,6
2459,490270.8975,6
2460,603141.8168,7
2461,200482.0595,4
2462,493623.951,6
2463,277943.203,5
2464,420237.0167,6
2465,514245.4022,6
2466,356166.0935,5
2467,552668.9118,8
2468,374953.1376,6
2469,212450.6309,5
2470,600936.1803,8
2471,510219.488,7
2472,479084.6752,6
2473,516186.1186,6
2474,434080.1016,6
2475,250020.3295,5
2476,474182.7491,6
2477,505791.7264,8
2478,283737.7504,5
2479,206913.6179,4
2480,469165.9707,6
2481,512715.6937,6
2482,397321.8048,6
2483,353566.7723,5
2484,319092.2849,6
2485,407708.7974,6
2486,698113.8628,8
2487,550774.3929,8
2488,514563.2198,6
2489,473710.2544,6
2490,385964.5029,5
2491,558116.8659,8
2492,290006.5353,5
2493,326999.2822,6
2494,277918.6835,5
2495,348984.625,5
2496,516145.2529,6
2497,648277.4163,8
2498,387340.4328,5
2499,437012.2334,6
2500,415382.9819,5
2501,620959.6285,6
2502,153061.6053,4
2503,929246.3393,9
2504,378453.383,6
2505,401508.2019,5
2506,332626.0464,5
2507,437139.5455,6
2508,485832.6185,6
2509,450229.1121,6
2510,382070.6822,5
2511,513104.3642,6
2512,470716.536,6
2513,270509.1289,5
2514,603422.2759,6
2515,382120.5072,6
2516,431903.8832,6
2517,402181.9883,6
2518,480859.1026,6
2519,218160.8891,4
2520,733375.6855,8
2521,406424.3717,6
2522,403947.0695,6
2523,517369.4034,8
2524,564830.8555,7
2525,215810.078,4
2526,351625.4144,6
2527,435317.728,6
2528,564187.6657,6
2529,877282.6377,8
2530,441831.0375,6
2531,506433.5918,6
2532,323586.1269,5
2533,254061.9825,5
2534,495915.6476,6
2535,430263.3528,6
2536,285600.5519,5
2537,563338.5773,6
2538,437770.7568,6
2539,240515.6552,5
2540,334119.8464,5
2541,415246.6514,6
2542,387117.7985,6
2543,355531.4127,6
2544,533955.9702,8
2545,537157.514,7
2546,693172.0238,8
2547,532556.4449,7
2548,396418.3759,6
2549,508887.9437,8
2550,321489.7055,5
2551,496268.1965,6
2552,372913.7636,6
2553,577576.0614,8
2554,459772.6731,6
2555,780291.6754,8
2556,412515.5056,6
2557,474211.6743,6
2558,266717.9608,5
2559,649150.0983,7
2560,345485.9222,5
2561,561624.7188,7
2562,451102.9739,6
2563,257132.9338,4
2564,545545.8685,8
2565,509711.6295,6
2566,388345.8884,6
2567,450006.3056,6
2568,297793.0749,6
2569,196768.0674,5
2570,318729.2713,5
2571,227300.4044,5
2572,339697.128,6
2573,585555.1944,7
2574,227101.053,4
2575,770072.9552,8
2576,543399.3645,6
2577,530942.8038,6
2578,368297.7723,6
2579,346186.6753,6
2580,452042.8636,6
2581,559188.4536,6
2582,524444.6979,7
2583,404288.5898,6
2584,429783.9863,6
2585,536719.5505,6
2586,397170.7152,6
2587,661572.764,7
2588,620997.8967,8
2589,442558.9178,7
2590,436064.7165,6
2591,569585.0921,6
2592,497872.8354,7
2593,616685.0409,8
2594,417115.2727,7
2595,423028.7156,6
2596,110784.0162,3
2597,560449.8695,6
2598,434616.9854,6
2599,372522.5499,6
2600,536185.8441,6
2601,545178.2911,6
2602,415077.9732,6
2603,375081.4137,6
2604,476028.4674,6
2605,443913.0475,6
2606,398975.726,5
2607,485878.3096,6
2608,541898.4615,7
2609,624616.5041,7
2610,414611.5632,6
2611,770376.6225,7
2612,369439.6683,6
2613,349737.7393,6
2614,453214.9481,6
2615,572706.9213,7
2616,450022.4978,6
2617,390496.0432,6
2618,379656.5994,6
2619,310641.921,5
2620,252359.1602,5
2621,395340.0075,6
2622,436491.563,6
2623,391630.0052,6
2624,426867.6635,6
2625,375300.354,6
2626,345530.9407,6
2627,642148.5195,8
2628,458681.6511,6
2629,414980.436,6
2630,732936.5468,8
2631,305159.1452,5
2632,268541.018,5
2633,523371.8778,6
2634,602829.4726,6
2635,236560.9436,4
2636,542651.0403,6
2637,543679.1594,8
2638,326382.2672,5
2639,500661.6173,6
2640,275094.7903,5
2641,498939.8108,6
2642,443271.4306,6
2643,296932.4609,6
2644,298287.3219,5
2645,233308.5811,5
2646,216076.8477,4
2647,646017.1436,7
2648,582454.4602,7
2649,346661.6825,6
2650,640503.4684,7
2651,612928.9145,8
2652,462314.0687,6
2653,482231.463,6
2654,519716.8678,6
2655,420300.0997,6
2656,425741.1319,6
2657,337690.8614,6
2658,382096.5468,5
2659,587971.4474,8
2660,371851.4174,6
2661,565027.0638,6
2662,432859.3218,6
2663,358452.8424,6
2664,417939.4333,8
2665,654258.9347,8
2666,279003.5832,6
2667,469473.8928,6
2668,337531.0971,5
2669,479693.2282,6
2670,509233.5302,7
2671,565153.4701,6
2672,232949.4888,4
2673,513455.0894,6
2674,348119.6342,6
2675,580785.4923,8
2676,419967.2019,6
2677,385740.5578,5
2678,504574.7009,7
2679,551720.1784,6
2680,445257.6621,6
2681,356736.8478,5
2682,478091.4853,6
2683,295643.7115,5
2684,855300.2671,8
2685,244783.8282,5
2686,131790.9388,4
2687,342806.1645,6
2688,497549.5634,6
2689,504726.9459,6
2690,349993.0725,5
2691,595155.7039,7
2692,576088.2533,6
2693,506627.1251,6
2694,554088.3925,7
2695,459607.8617,6
2696,515856.0283,6
2697,350740.9393,5
2698,370979.8465,5
2699,400668.5576,5
2700,402549.4483,6
2701,199860.6792,5
2702,533397.8618,8
2703,580718.0384,6
2704,662568.9548,7
2705,405991.6533,5
2706,365005.0698,5
2707,367517.1872,5
2708,486880.5903,8
2709,289485.1534,5
2710,389825.6731,5
2711,307234.381,5
2712,512237.178,6
2713,548751.677,7
2714,605752.9999,7
2715,214134.0735,4
2716,297235.4622,6
2717,514900.7981,6
2718,395572.866,6
2719,488764.8451,6
2720,787590.0206,8
2721,401485.224,6
2722,312971.7896,5
2723,760424.3764,8
2724,948978.7429,8
2725,371435.4844,6
2726,724076.8575,8
2727,453748.8286,6
2728,404142.8869,5
2729,232179.9988,4
2730,300704.7096,6
2731,250079.7067,4
2732,365805.9588,6
2733,428213.9634,8
2734,481819.6456,6
2735,399220.6937,6
2736,277016.0821,5
2737,286006.5548,6
2738,349679.9007,5
2739,732022.4023,8
2740,545630.3504,6
2741,455840.8448,6
2742,373368.7289,6
2743,416352.9792,6
2744,561520.2305,6
2745,528435.0214,6
2746,492268.8339,6
2747,446090.0891,6
2748,580319.9672,7
2749,412578.4775,6
2750,449223.0017,8
2751,346154.6129,5
2752,427165.7559,6
2753,259842.3288,5
2754,359933.9772,6
2755,854793.6316,8
2756,316642.8641,5
2757,402931.371,6
2758,362939.1042,6
2759,414160.5226,6
2760,690679.6512,8
2761,279707.6898,6
2762,509610.3968,7
2763,372641.2693,7
2764,297339.4719,5
2765,355122.9888,6
2766,346826.9633,6
2767,428090.6816,6
2768,329795.7867,5
2769,449361.0904,8
2770,265687.8598,5
2771,392539.0296,6
2772,501915.6852,7
2773,319622.4822,6
2774,353045.6185,5
2775,377188.9174,6
2776,340616.3358,5
2777,410233.8818,6
2778,448801.6127,6
2779,390502.2323,6
2780,375328.6043,6
2781,597172.8484,8
2782,350843.0963,6
2783,329732.84,5
2784,836048.5589,8
2785,536500.1253,8
2786,409443.0542,6
2787,424773.6069,6
2788,505435.195,6
2789,449937.3248,6
2790,435419.2618,8
2791,514363.8011,7
2792,491325.8549,6
2793,228860.6529,5
2794,353380.5362,5
2795,383635.006,6
2796,491310.6795,6
2797,563983.3443,8
2798,464204.9443,6
2799,458844.6399,6
2800,474225.1348,6
2801,515541.2342,7
2802,510162.7225,7
2803,396687.0276,5
2804,345208.988,5
2805,420440.9704,6
2806,469658.6507,6
2807,508929.0048,6
2808,38710.05115,2
2809,171193.5839,4
2810,196195.5909,5
2811,440971.5507,6
2812,348218.4612,5
2813,428460.6739,6
2814,513386.3924,6
2815,121389.2534,3
2816,451825.7748,6
2817,384027.4252,6
2818,359727.4902,5
2819,302845.225,5
2820,483770.0537,6
2821,482940.9666,7
2822,383690.4118,5
2823,421128.4882,6
2824,360063.3778,6
2825,491592.047,6
2826,387787.5431,5
2827,487316.8864,6
2828,467883.9002,6
2829,257319.0252,5
2830,510954.5003,7
2831,440803.4338,6
2832,427615.5735,8
2833,364091.1632,6
2834,460282.3815,6
2835,394022.7813,6
2836,489504.7523,8
2837,388416.2357,5
2838,451012.6389,6
2839,336306.4176,6
2840,458905.2763,7
2841,771281.4563,8
2842,774284.7529,8
2843,335048.821,6
2844,520332.893,6
2845,464030.5399,6
2846,670332.3231,8
2847,267216.7506,5
2848,828253.2929,8
2849,335760.6236,5
2850,374478.0776,6
2851,365071.5225,6
2852,522320.7437,6
2853,411003.3305,6
2854,471563.0116,6
2855,385604.3573,6
2856,484686.2217,7
2857,295883.1796,5
2858,430773.5861,6
2859,382612.7621,6
2860,689448.1436,8
2861,440510.4639,6
2862,407689.9927,6
2863,370660.1644,6
2864,443323.4012,6
2865,589044.6476,8
2866,186538.0068,5
2867,376532.5051,6
2868,892489.2308,8
2869,401393.1287,6
2870,538695.8231,6
2871,545528.8269,7
2872,456205.3802,7
2873,285523.8623,5
2874,589946.3594,8
2875,385176.7664,6
2876,570697.7098,7
2877,350332.3826,5
2878,442190.8034,6
2879,282403.3721,5
2880,420383.1471,6
2881,399493.4466,6
2882,439856.1501,6
2883,115351.7781,3
2884,723782.7275,8
2885,323357.0406,5
2886,405874.3418,6
2887,407408.6131,6
2888,343907.1211,5
2889,541274.3152,6
2890,376406.6058,6
2891,311237.6317,5
2892,421974.4708,6
2893,418078.8018,6
2894,422340.4298,6
2895,276966.0508,6
2896,449390.9524,8
2897,606027.6903,7
2898,531202.8027,8
2899,363413.574,6
2900,605821.4374,8
2901,411970.8155,6
2902,369142.8851,6
2903,457379.9102,6
2904,392103.2191,6
2905,503866.1012,6
2906,353169.4967,5
2907,339384.3005,6
2908,435794.7631,6
2909,463122.9734,6
2910,345544.2835,5
2911,387573.9598,5
2912,255879.8463,5
2913,334063.4067,5
2914,381179.7062,6
2915,475269.7768,6
2916,447963.0055,6
2917,716400.6906,8
2918,402210.6148,6
2919,531280.99,7
2920,419777.9869,7
2921,447056.861,6
2922,431874.6721,6
2923,482019.9998,6
2924,552001.8472,6
2925,431928.3351,6
2926,336216.5642,5
2927,467589.2722,6
2928,409938.3921,5
2929,394873.513,6
2930,352602.441,6
2931,399138.8154,6
2932,356007.3139,6
2933,362623.6879,5
2934,346441.1082,6
2935,354432.2811,5
2936,381071.2193,6
2937,485730.5392,8
2938,491687.6764,6
2939,337044.9656,5
2940,429598.0873,6
2941,371147.5458,5
2942,406117.7515,6
2943,444440.923,7
2944,480179.2241,6
2945,716258.6768,8
2946,527634.0321,7
2947,552701.0293,6
2948,526649.294,6
2949,764162.9794,8
2950,721173.9877,8
2951,464843.8316,6
2952,536343.7419,7
2953,397386.1501,6
2954,222373.0825,4
2955,342579.2249,5
2956,499979.6155,7
2957,308991.7282,6
2958,412470.0734,6
2959,391590.2094,6
2960,468992.8997,6
2961,356719.4162,6
2962,359681.7258,6
2963,429010.4848,6
2964,420145.2266,6
2965,441078.1741,6
2966,536965.1781,6
2967,353823.4328,5
2968,461305.4891,6
2969,482716.3155,6
2970,316179.51,5
2971,426871.3082,6
2972,346433.6537,5
2973,360472.7299,6
2974,417756.8781,6
2975,375890.28,6
2976,374962.4158,6
2977,435867.3784,6
2978,386135.0587,6
2979,639520.817,8
2980,411364.681,6
2981,416769.3394,6
2982,285827.4978,5
2983,431755.8054,6
2984,354998.5549,5
2985,651158.3331,8
2986,365183.0828,5
2987,387889.1417,6
2988,117234.8293,3
2989,414899.5404,6
2990,387194.4549,6
2991,442100.1559,6
2992,234995.0559,4
2993,314345.3354,5
2994,634971.3508,8
2995,624930.9379,7
2996,413378.5992,6
2997,428163.0445,7
2998,431718.8699,6
2999,398842.7331,6
3000,343316.9424,5
3001,782525.4294,8
3002,601477.6545,8
3003,451679.097,6
3004,382943.6805,6
3005,443529.9306,6
3006,443239.0475,6
3007,604962.4603,8
3008,389793.7157,6
3009,345767.0188,5
3010,774936.8482,8
3011,369031.3368,6
3012,356477.2381,6
3013,328730.7785,5
3014,457138.6191,6
3015,738399.8689,8
3016,365577.8292,5
3017,339072.4512,5
3018,513509.5877,8
3019,724617.4786,8
3020,372124.8301,6
3021,414989.9757,6
3022,444909.3999,6
3023,399310.6156,7
3024,337633.7565,5
3025,463932.3475,6
3026,424321.6069,7
3027,434387.4359,6
3028,578030.459,8
3029,353334.0221,5
3030,442007.3015,6
3031,403929.265,6
3032,621959.1051,8
3033,907539.4725,8
3034,352562.8074,6
3035,549255.2149,8
3036,243920.5727,4
3037,759194.99,8
3038,912190.9157,8
3039,504943.8467,6
3040,473518.9458,6
3041,528757.1515,7
3042,457956.3014,6
3043,481037.656,6
3044,378321.272,6
3045,472159.5246,6
3046,515714.9002,8
3047,411602.6169,6
3048,423031.9238,6
3049,355153.4925,6
3050,467598.2084,6
3051,269373.1326,6
3052,460189.4804,7
3053,355584.7432,6
3054,403200.2188,6
3055,369358.0164,6
3056,452304.2144,6
3057,237721.4404,4
3058,369431.2418,6
3059,307462.7521,5
3060,386023.3008,5
3061,586262.2745,8
3062,450869.7614,6
3063,246750.8052,4
3064,346561.0211,6
3065,621935.4328,7
3066,471625.5877,6
3067,566308.1663,6
3068,359476.3718,6
3069,722241.7277,8
3070,246521.7804,5
3071,620786.0741,7
3072,507597.2625,6
3073,381391.1667,6
3074,237963.7663,5
3075,463885.7278,6
3076,343561.2884,5
3077,425253.0999,6
3078,239403.4459,4
3079,713520.4068,8
3080,747604.8159,8
3081,403985.7515,6
3082,439041.199,6
3083,504631.9886,8
3084,396915.9224,6
3085,446223.8603,7
3086,482004.4238,6
3087,455676.1109,6
3088,478976.2583,6
3089,381641.5434,6
3090,353153.6475,6
3091,550690.6932,7
3092,418733.692,6
3093,290703.1846,5
3094,452593.5552,6
3095,362721.9731,6
3096,511623.3329,6
3097,355568.0452,5
3098,753843.8516,8
3099,424064.9305,6
3100,443176.6637,6
3101,592894.48,8
3102,360454.0411,6
3103,219969.2743,4
3104,402554.2193,6
3105,729980.8375,8
3106,406924.1672,6
3107,124666.7662,3
3108,395531.1046,6
3109,721802.5219,8
3110,448607.8696,6
3111,408574.4955,6
3112,364684.8611,6
3113,427317.2891,6
3114,561805.2542,7
3115,660715.1468,8
3116,773591.0176,8
3117,393117.4201,6
3118,231950.6116,4
3119,234700.6626,4
3120,731157.0633,8
3121,388453.4593,6
3122,372780.3215,6
3123,345937.6128,5
3124,443898.9809,6
3125,385749.0779,6
3126,724122.4102,8
3127,365180.9494,6
3128,385264.509,6
3129,525001.6924,8
3130,391640.7511,7
3131,458762.1577,6
3132,576215.2021,7
3133,410615.073,6
3134,425553.1198,6
3135,362638.1182,5
3136,362148.3748,5
3137,402349.6,6
3138,400591.4929,6
3139,699818.456,8
3140,489602.0056,8
3141,384214.0774,6
3142,408696.922,6
3143,429589.4892,6
3144,398455.4242,6
3145,434930.2007,6
3146,421076.1057,6
3147,451462.0481,7
3148,352192.2028,5
3149,738291.0026,8
3150,360458.6553,6
3151,388076.1798,5
3152,430384.075,6
3153,488497.1081,7
3154,357671.5797,5
3155,351630.4057,6
3156,426454.3266,6
3157,437586.4329,6
3158,432897.7918,6
3159,373444.2982,6
3160,654783.993,8
3161,354281.3106,6
3162,564685.4397,7
3163,560482.7236,7
3164,911713.7751,8
3165,500411.5337,6
3166,345201.214,5
3167,453795.3614,6
3168,304969.0664,5
3169,524592.5141,6
3170,399500.5339,7
3171,349925.1124,5
3172,230093.4111,4
3173,200827.0278,4
3174,610024.9498,7
3175,230596.0269,5
3176,407099.4486,6
3177,365695.6663,6
3178,455177.6851,6
3179,244340.0409,4
3180,317193.1531,5
3181,548961.4395,8
3182,342713.5996,6
3183,549383.7548,8
3184,576583.3818,8
3185,323876.8735,6
3186,403641.6623,6
3187,371849.0909,6
3188,409499.8982,6
3189,334215.1484,5
3190,334699.497,5
3191,457419.9713,7
3192,416603.2392,6
3193,360514.0354,6
3194,742144.1335,8
3195,365797.4095,6
3196,442235.8864,6
3197,358012.6058,5
3198,671747.6701,8
3199,243824.7595,4
3200,411363.3533,6
3201,422513.0206,6
3202,455476.912,6
3203,353616.2231,5
3204,384399.6977,6
3205,423467.2813,6
3206,532344.5594,8
3207,385463.7072,6
3208,413220.352,6
3209,428720.642,6
3210,396402.7546,6
3211,330252.6542,6
3212,485179.769,6
3213,557445.9548,6
3214,365452.4206,6
3215,471023.0786,6
3216,562429.0162,8
3217,491118.6057,6
3218,222617.8487,4
3219,427443.4881,7
3220,391889.4672,6
3221,380058.2645,6
3222,433676.488,6
3223,438933.9752,6
3224,420755.7339,6
3225,360934.3877,5
3226,662824.6581,7
3227,462959.0678,6
3228,460368.6115,6
3229,254735.544,5
3230,528496.896,7
3231,483412.8429,6
3232,367549.0521,6
3233,410471.2423,6
3234,610537.2746,8
3235,423957.2363,6
3236,461346.0047,6
3237,489728.3933,8
3238,457664.82,6
3239,410905.7195,6
3240,477840.4196,6
3241,330016.7351,5
3242,467773.6875,6
3243,427415.0326,6
3244,512795.2575,6
3245,397722.3178,6
3246,483926.9906,6
3247,624710.5846,8
3248,642911.3938,7
3249,498329.9419,8
3250,515979.8991,6
3251,469481.3224,6
3252,541763.5232,6
3253,654109.6919,7
3254,860976.7734,8
3255,376133.1673,5
3256,425497.1598,6
3257,261652.6673,5
3258,425334.8384,6
3259,503428.031,7
3260,421983.9466,6
3261,388240.2159,6
3262,450516.7824,6
3263,450699.9701,6
3264,475512.856,6
3265,331315.1326,5
3266,502945.2665,8
3267,390472.212,6
3268,511474.4077,6
3269,380758.7547,6
3270,492557.8061,6
3271,331776.8202,5
3272,384544.11,5
3273,348002.1337,6
3274,420384.0104,8
3275,465711.7772,8
3276,397910.1877,6
3277,265157.0049,5
3278,437698.1156,6
3279,460826.253,6
3280,458454.5163,6
3281,462768.3487,6
3282,471842.9814,6
3283,851608.9572,8
3284,379777.1041,6
3285,348853.3737,5
3286,438891.1916,6
3287,497445.234,6
3288,532253.9353,6
3289,390706.7294,5
3290,483121.6763,6
3291,852806.6888,8
3292,401722.8109,6
3293,504371.8837,7
3294,226916.944,4
3295,403354.7432,6
3296,468138.9603,6
3297,942000.5492,8
3298,353176.6993,6
3299,511756.6735,8
3300,289153.1756,5
3301,455897.041,7
3302,481413.2879,6
3303,292724.9493,5
3304,446990.8112,6
3305,446192.2699,6
3306,481914.1832,6
3307,458568.9057,6
3308,229975.4947,4
3309,642576.1857,8
3310,376957.9905,6
3311,511177.4486,6
3312,473239.7192,6
3313,362765.587,5
3314,401570.1092,8
3315,328189.405,6
3316,485313.7188,6
3317,778697.3416,8
3318,344556.2907,6
3319,361362.0771,5
3320,226605.5577,4
3321,527079.9449,7
3322,700706.178,8
3323,595262.4401,8
3324,808069.036,8
3325,491731.1552,6
3326,526564.5452,8
3327,473368.1997,6
3328,429367.5671,6
3329,405108.1548,6
3330,742683.8907,8
3331,657385.9629,8
3332,345259.3266,6
3333,555432.603,8
3334,363405.8489,6
3335,364622.6451,5
3336,411627.7815,6
3337,412662.7702,6
3338,378317.4117,6
3339,112311.7325,3
3340,640594.7332,8
3341,358149.6331,6
3342,421374.7155,6
3343,466266.4332,6
3344,735843.687,8
3345,318940.2019,6
3346,461249.6687,6
3347,417474.6563,6
3348,498127.0501,7
3349,492615.1952,7
3350,543894.4744,6
3351,303439.3814,5
3352,463552.5648,6
3353,455456.7053,6
3354,576714.6941,7
3355,389960.06,7
3356,709249.8496,8
3357,465902.3594,6
3358,848136.4585,8
3359,847320.2074,8
3360,471245.874,6
3361,528605.8734,6
3362,828986.732,8
3363,462688.7246,8
3364,577332.8017,7
3365,397301.519,6
3366,497664.1033,6
3367,458758.509,6
3368,541157.9693,7
3369,359395.4875,5
3370,457915.9003,6
3371,481163.5847,6
3372,416590.423,6
3373,767101.3715,8
3374,779824.5246,8
3375,223407.9652,4
3376,751221.9422,8
3377,829632.3266,8
3378,685871.7885,8
3379,388856.0031,5
3380,490376.0402,7
3381,597757.491,8
3382,431875.1694,6
3383,469246.8207,6
3384,887972.9796,8
3385,623296.9278,8
3386,261649.5153,5
3387,466129.8297,6
3388,449266.1976,7
3389,390504.2635,6
3390,471320.767,6
3391,791954.5864,8
3392,440792.3208,7
3393,486384.4933,6
3394,391608.6952,5
3395,387757.144,5
3396,443676.3556,6
3397,366466.8125,6
3398,611169.1076,8
3399,488831.9307,7
3400,434873.3429,6
3401,565471.1486,7
3402,394720.1023,6
3403,550017.9347,6
3404,609078.1474,7
3405,396731.3519,5
3406,303801.9582,5
3407,451626.0358,6
3408,444541.3169,6
3409,380394.0983,5
3410,236082.8469,4
3411,522703.1131,6
3412,540098.855,7
3413,369989.007,6
3414,814174.8318,8
3415,638048.1939,8
3416,460733.7259,6
3417,437974.7844,6
3418,363583.3814,5
3419,285543.5828,5
3420,750398.9489,9
3421,415585.4335,5
3422,776437.1892,8
3423,887503.69,8
3424,681927.8716,8
3425,184650.8908,5
3426,815422.1617,8
3427,849732.7161,8
3428,284483.3688,5
3429,495545.0696,6
3430,507876.1036,6
3431,397752.2806,5
3432,1014351.428,8
3433,454636.982,6
3434,255353.2399,5
3435,519463.0254,6
3436,436790.3122,6
3437,669501.1216,8
3438,432379.8663,6
3439,556792.7482,6
3440,802728.146,8
3441,448639.1941,6
3442,586418.2774,8
3443,548470.3911,8
3444,291908.378,5
3445,484957.6407,6
3446,583766.1124,6
3447,376818.0453,6
3448,466167.8197,6
3449,571088.5111,7
3450,531216.0015,6
3451,589515.2385,7
3452,484163.0167,7
3453,404887.5975,6
3454,758908.7238,8
3455,428798.6314,6
3456,437975.7388,6
3457,944971.5027,8
3458,732256.956,8
3459,909259.7611,8
3460,308044.4499,6
3461,451734.5966,6
3462,773722.1427,8
3463,308680.565,5
3464,710249.9431,7
3465,517448.762,6
3466,649797.5989,8
3467,499543.2815,6
3468,740022.6674,8
3469,275333.0355,5
3470,259527.793,5
3471,684583.4134,8
3472,725653.755,8
3473,553731.2041,6
3474,289094.5015,5
3475,548984.3733,6
3476,307854.6297,5
3477,465929.3133,6
3478,482059.2613,6
3479,545384.3304,6
3480,446778.0663,6
3481,344820.054,5
3482,507847.2221,6
3483,369950.3194,6
3484,317564.6576,5
3485,472613.9898,6
3486,400753.1026,6
3487,371896.0675,6
3488,406066.4144,5
3489,225178.7675,4
3490,568704.727,6
3491,785399.0798,8
3492,507987.7808,8
3493,523345.1359,6
3494,327091.4452,6
3495,529797.524,7
3496,552273.9621,6
3497,434821.6808,6
3498,719837.6183,8
3499,436016.1348,6
3500,542800.841,6
3501,311178.7728,5
3502,557342.481,6
3503,397698.2473,6
3504,390934.6737,6
3505,358543.9336,5
3506,695692.6631,7
3507,464485.7373,6
3508,521043.7093,6
3509,555855.8044,6
3510,517327.3394,7
3511,493235.0409,6
3512,405575.99,5
3513,391169.5843,6
3514,912852.2631,8
3515,543185.645,8
3516,454427.2586,6
3517,548979.5323,7
3518,933606.642,8
3519,910863.8529,8
3520,691278.1417,8
3521,423202.1488,6
3522,742675.7156,8
3523,799416.5967,9
3524,525287.0031,6
3525,553136.2108,8
3526,535400.319,6
3527,329185.8386,5
3528,696710.3872,8
3529,568347.6502,6
3530,561184.0973,6
3531,267163.7227,5
3532,575116.5165,6
3533,404334.5524,5
3534,506001.6019,6
3535,436890.7163,6
3536,388311.9827,6
3537,380196.2143,5
3538,343344.6686,6
3539,718715.815,7
3540,387065.7675,5
3541,855208.8691,8
3542,550807.2626,6
3543,685842.6763,8
3544,285068.8182,6
3545,521558.4532,6
3546,156499.5776,5
3547,641881.0785,8
3548,524341.1249,6
3549,925057.1648,8
3550,783226.7543,8
3551,705779.3847,8
3552,270571.8837,5
3553,557992.2812,6
3554,868187.0968,8
3555,305030.9636,6
3556,484327.1977,6
3557,459690.292,6
3558,401204.0759,6
3559,465628.7066,6
3560,752052.9096,8
3561,448580.0686,6
3562,252612.8045,4
3563,237078.727,4
3564,382140.0407,5
3565,106529.4017,3
3566,467464.6958,6
3567,417663.0704,6
3568,391368.5191,5
3569,455963.7403,6
3570,508689.6339,6
3571,473158.5553,6
3572,566215.1653,6
3573,657725.4898,8
3574,839637.1893,8
3575,413968.3738,6
3576,248440.1092,4
3577,377032.8587,5
3578,542827.215,6
3579,482271.8432,6
3580,325737.2443,6
3581,562051.9231,7
3582,380639.9327,5
3583,592958.229,7
3584,429778.228,6
3585,406118.5398,5
3586,369730.6022,5
3587,638692.9138,8
3588,803571.6119,8
3589,515462.8862,6
3590,755525.0333,8
3591,523066.9332,7
3592,748891.4707,8
3593,388449.1463,6
3594,361596.8901,6
3595,891559.2326,8
3596,437071.8115,6
3597,531217.647,7
3598,513127.5947,6
3599,368766.3884,6
3600,557119.8383,6
3601,456735.5219,7
3602,472244.9072,6
3603,373437.631,5
3604,504931.7808,6
3605,311518.4058,6
3606,404442.49,5
3607,564839.9858,6
3608,852560.3096,8
3609,24667.61611,2
3610,525628.4267,6
3611,576598.3923,6
3612,460570.1056,6
3613,501982.097,6
3614,867229.7938,8
3615,463629.9708,6
3616,727225.0103,7
3617,502580.7421,7
3618,417605.7955,5
3619,574620.7448,7
3620,470973.0578,6
3621,507545.8307,8
3622,431830.779,6
3623,553355.1857,6
3624,604449.9599,7
3625,533643.8422,7
3626,769063.4088,8
3627,429534.1387,6
3628,455132.1383,6
3629,367256.9371,5
3630,433797.533,6
3631,883964.0553,8
3632,290656.0515,5
3633,440179.3631,6
3634,584145.4611,6
3635,487732.8177,6
3636,518512.9567,7
3637,457153.3048,6
3638,712987.556,7
3639,442991.5262,6
3640,510859.3499,6
3641,529302.2783,6
3642,265199.3577,5
3643,279041.7188,6
3644,498457.0527,6
3645,485819.4441,7
3646,516864.2909,7
3647,494200.6167,6
3648,495922.9569,6
3649,387867.7798,6
3650,717401.9938,8
3651,411241.5698,6
3652,583944.6896,7
3653,629195.8816,8
3654,877852.8329,8
3655,321291.7505,5
3656,238866.9415,4
3657,683401.2183,8
3658,441881.3422,6
3659,631295.4133,7
3660,358009.0178,5
3661,814558.5112,8
3662,475970.0942,6
3663,730855.3454,8
3664,508016.675,6
3665,364389.11,5
3666,553155.0329,7
3667,536264.2061,6
3668,534705.1204,6
3669,543319.3013,6
3670,588699.5076,8
3671,507093.5147,6
3672,674220.9393,7
3673,481633.5885,6
3674,516905.279,6
3675,273252.9396,5
3676,407834.4164,6
3677,388538.4641,5
3678,628874.343,7
3679,490529.6848,6
3680,668935.6493,8
3681,900795.9536,8
3682,438520.1551,6
3683,339813.411,6
3684,377734.7879,6
3685,471377.4583,6
3686,273932.7646,5
3687,528452.7923,6
3688,621416.8605,8
3689,276949.6471,5
3690,854291.711,8
3691,555317.0815,6
3692,561123.7456,8
3693,480176.3491,6
3694,447620.6246,6
3695,374694.2481,6
3696,889918.5919,8
3697,477221.9839,6
3698,376528.2463,6
3699,470453.6141,7
3700,409543.7705,6
3701,598036.2581,8
3702,581258.253,6
3703,786013.2826,8
3704,281398.9551,5
3705,358733.9418,5
3706,765263.4522,7
3707,426970.2912,6
3708,501809.8412,7
3709,530589.8082,6
3710,688472.4893,8
3711,508268.6447,6
3712,468391.8839,7
3713,546825.009,6
3714,634982.5072,8
3715,530572.0921,6
3716,490048.192,6
3717,396688.3008,6
3718,452678.2857,6
3719,330917.5709,5
3720,477107.5986,6
3721,563771.5703,6
3722,430021.1519,7
3723,559672.4348,7
3724,461276.3993,6
3725,370802.4171,5
3726,544444.6208,6
3727,648551.5074,7
3728,407616.6494,5
3729,176622.3884,4
3730,493875.4092,6
3731,583470.5001,8
3732,449208.0333,6
3733,407432.5841,6
3734,385262.2811,5
3735,385546.517,6
3736,446509.3321,6
3737,794795.5135,8
3738,549019.3039,8
3739,534028.5075,6
3740,364387.6894,5
3741,643058.0972,8
3742,583828.7713,6
3743,554286.9445,6
3744,556575.974,6
3745,527856.8506,7
3746,498445.232,6
3747,271020.4096,5
3748,521208.4145,6
3749,600338.2129,7
3750,404102.0846,6
3751,405200.2438,5
3752,329563.5491,6
3753,505976.1247,6
3754,413150.9319,6
3755,503758.2954,6
3756,492518.2323,6
3757,865925.1092,9
3758,400266.5464,5
3759,522432.0495,6
3760,343327.072,6
3761,452903.9878,7
3762,455578.722,6
3763,381225.4846,6
3764,837404.3898,8
3765,293452.6126,5
3766,887968.2878,8
3767,246698.6274,5
3768,436464.003,6
3769,540643.2965,7
3770,488143.6819,6
3771,529727.9745,8
3772,376766.7632,6
3773,718763.4637,8
3774,730038.1901,8
3775,275219.2712,5
3776,471835.3639,6
3777,779556.6756,8
3778,797163.1181,8
3779,524316.6337,6
3780,586922.4053,7
3781,767273.5947,8
3782,394388.5328,5
3783,595032.2836,8
3784,511048.3043,6
3785,322838.5417,6
3786,617617.8941,8
3787,412815.6034,5
3788,506142.8686,6
3789,841724.1084,8
3790,605984.165,7
3791,416573.4139,5
3792,493384.6437,6
3793,772926.2353,8
3794,758889.4348,8
3795,558547.0751,6
3796,344956.1955,6
3797,713374.7151,8
3798,735398.0459,8
3799,480299.0667,6
3800,543873.0488,8
3801,531515.2691,6
3802,535216.8712,6
3803,511286.8574,7
3804,568613.076,6
3805,305221.6141,5
3806,496254.5199,7
3807,564263.6524,7
3808,385522.8182,6
3809,551655.895,7
3810,527939.6927,7
3811,435773.6659,6
3812,703269.6203,7
3813,746940.3235,8
3814,482046.376,6
3815,560126.7438,8
3816,388826.1276,6
3817,488810.2157,6
3818,448706.0754,6
3819,238716.4908,4
3820,556353.8989,6
3821,386233.9354,6
3822,599465.8625,8
3823,292872.9219,5
3824,725260.593,8
3825,489208.2865,7
3826,868466.1583,8
3827,812755.4059,8
3828,246491.2929,4
3829,699886.6549,8
3830,589782.9195,6
3831,527417.5227,7
3832,122895.7963,3
3833,660163.6501,8
3834,508812.84,6
3835,449336.0577,6
3836,673796.6086,8
3837,615830.8215,7
3838,387996.9161,6
3839,506618.3969,6
3840,515179.2453,6
3841,469741.0899,7
3842,274903.4339,6
3843,436458.0269,6
3844,458328.6738,6
3845,573635.2304,8
3846,558655.6582,6
3847,590423.4742,7
3848,653419.1171,8
3849,753438.4204,8
3850,408627.5798,6
3851,905426.2167,9
3852,213924.2888,4
3853,726981.8966,8
3854,566983.5548,7
3855,476310.854,6
3856,220457.3208,4
3857,793520.8038,8
3858,510658.5959,7
3859,688706.8704,8
3860,510204.7739,6
3861,573424.4003,7
3862,555631.5012,8
3863,387778.6746,6
3864,493801.258,6
3865,467999.9446,7
3866,369907.1588,5
3867,384700.4233,5
3868,460245.1685,6
3869,479858.6594,6
3870,575191.4125,6
3871,549728.5747,6
3872,477855.0494,6
3873,857659.981,8
3874,428068.2231,6
3875,536735.9726,8
3876,365493.1184,6
3877,445366.347,6
3878,563288.8354,6
3879,898253.5297,8
3880,534329.0728,6
3881,813794.2506,8
3882,610226.2582,8
3883,490903.2137,6
3884,870694.3455,8
3885,521374.621,6
3886,377729.2194,5
3887,611340.2883,8
3888,394068.4768,6
3889,315262.3106,6
3890,413950.385,5
3891,850234.2969,8
3892,387959.4109,5
3893,891410.0667,8
3894,379355.4776,5
3895,761447.2097,8
3896,926032.7876,8
3897,437927.2978,6
3898,391251.8776,5
3899,521500.5797,7
3900,532174.4659,6
3901,563180.077,6
3902,905818.337,8
3903,481985.0882,6
3904,344819.614,6
3905,462486.7732,6
3906,453629.3129,6
3907,523803.0249,6
3908,543654.5704,6
3909,493876.4481,6
3910,497060.7897,6
3911,378473.2997,6
3912,750602.5752,8
3913,911848.1614,8
3914,594832.9457,8
3915,479252.6474,7
3916,429114.1795,6
3917,672233.5916,8
3918,588365.6323,6
3919,428527.3734,6
3920,850018.247,8
3921,564880.3456,6
3922,584633.3989,7
3923,423620.412,6
3924,518355.187,6
3925,561726.3239,6
3926,546792.6524,8
3927,403640.587,5
3928,530947.0274,6
3929,455714.2766,7
3930,457784.8159,6
3931,530013.4223,6
3932,789548.2089,8
3933,249431.984,4
3934,384101.5359,5
3935,420351.6127,6
3936,421926.4477,6
3937,220178.4268,4
3938,200388.6081,5
3939,765810.595,8
3940,295365.0068,5
3941,498800.7497,7
3942,620633.1752,7
3943,292712.9444,5
3944,820658.168,8
3945,940450.2017,8
3946,549779.0885,6
3947,940693.1811,8
3948,673262.752,8
3949,454130.5003,6
3950,754208.1209,8
3951,728722.7884,8
3952,286396.9661,6
3953,547274.8926,6
3954,434943.8467,6
3955,473805.6534,7
3956,567333.7667,7
3957,373182.544,6
3958,721424.0113,8
3959,390028.6347,5
3960,458689.5181,6
3961,870922.2222,9
3962,351031.0126,5
3963,382082.9915,5
3964,962722.0481,8
3965,700206.1695,8
3966,489246.8158,6
3967,514020.0353,6
3968,177048.9984,5
3969,521661.0719,6
3970,595929.1317,8
3971,576645.2628,7
3972,393995.7763,6
3973,703582.1726,8
3974,637739.0179,8
3975,574935.6795,6
3976,336632.2367,5
3977,466101.1579,7
3978,906450.9872,8
3979,451890.5525,6
3980,506347.9193,6
3981,891750.2817,8
3982,434997.4533,6
3983,483392.322,6
3984,368010.9622,5
3985,924582.3648,8
3986,468518.9605,6
3987,394779.3061,5
3988,404883.9526,6
3989,545185.8852,6
3990,378305.2876,5
3991,928536.8951,8
3992,526999.9124,6
3993,506885.3937,6
3994,556020.3189,6
3995,375766.2318,5
3996,284292.7234,6
3997,232296.5671,4
3998,822894.5031,8
3999,405497.9263,6
4000,723770.3406,8
4001,1027176.985,9
4002,562140.7057,8
4003,834194.4551,8
4004,231116.7191,4
4005,398680.8067,6
4006,918829.8651,8
4007,240399.0882,4
4008,430382.4451,6
4009,453717.7759,6
4010,496193.6345,6
4011,650191.7921,8
4012,912804.2866,8
4013,1086500.796,9
4014,449673.7489,6
4015,703076.4256,8
4016,470276.0658,6
4017,556395.7543,6
4018,269847.4268,5
4019,594552.0871,7
4020,306020.1507,6
4021,457808.4687,6
4022,561506.7486,8
4023,599916.9707,8
4024,571030.9973,7
4025,531631.272,6
4026,477301.3146,6
4027,400336.9166,6
4028,903482.1625,9
4029,503597.6888,6
4030,706644.2262,8
4031,621262.8399,8
4032,426431.2761,6
4033,397386.3465,6
4034,600691.6372,8
4035,252871.5529,5
4036,491857.9999,7
4037,566067.3764,6
4038,246307.7703,6
4039,586299.368,8
4040,425675.3927,6
4041,839569.9627,8
4042,205258.0966,4
4043,685123.1469,8
4044,666917.3025,8
4045,399385.5605,6
4046,323970.4524,5
4047,713064.3131,7
4048,471061.651,6
4049,603455.8891,7
4050,455477.4423,6
4051,468067.6056,6
4052,622544.5794,8
4053,456092.5129,6
4054,532935.878,6
4055,396339.8082,6
4056,767085.851,8
4057,697359.5997,8
4058,271848.9552,5
4059,676504.8345,8
4060,396328.5986,6
4061,554446.7138,7
4062,720756.183,8
4063,547385.6242,8
4064,485540.1297,6
4065,444732.745,6
4066,405585.5184,6
4067,783327.6874,8
4068,839223.427,8
4069,911591.0684,8
4070,567133.628,8
4071,486364.8777,6
4072,387359.1748,5
4073,845613.7193,9
4074,786523.9855,8
4075,319195.1847,6
4076,453324.4512,6
4077,93175.44727,4
4078,388238.3609,6
4079,692171.881,8
4080,235407.528,5
4081,158834.0482,5
4082,359910.2121,6
4083,395343.6394,6
4084,518810.7838,8
4085,490371.2799,6
4086,305303.3235,6
4087,387129.3096,5
4088,526266.1886,6
4089,518101.999,6
4090,912636.0869,8
4091,530494.2024,7
4092,472338.9625,7
4093,714117.5282,8
4094,467781.3486,6
4095,526885.8643,7
4096,492277.4864,6
4097,870692.861,8
4098,678239.1226,8
4099,367257.1184,6
4100,809447.1993,8
4101,430655.1309,6
4102,559440.9484,8
4103,759413.0039,8
4104,366502.5947,6
4105,477063.7131,7
4106,529432.2748,7
4107,596774.239,8
4108,286288.1327,5
4109,247814.332,4
4110,532747.116,8
4111,426773.7145,6
4112,858326.5593,8
4113,981467.4134,8
4114,432931.1163,7
4115,806041.0114,8
4116,509004.8997,8
4117,519523.3115,6
4118,213824.6122,4
4119,390415.2384,5
4120,356981.0336,6
4121,478107.608,8
4122,472826.6737,6
4123,558547.4484,6
4124,431420.1233,7
4125,340591.9002,6
4126,319237.465,6
4127,333059.4186,6
4128,930072.4646,8
4129,917678.2749,8
4130,854734.5159,9
4131,548764.3076,6
4132,629572.0192,8
4133,237736.2775,4
4134,817758.5653,8
4135,478768.1748,8
4136,489060.6567,8
4137,744122.4697,8
4138,583736.429,6
4139,418918.9488,6
4140,760445.5611,8
4141,388204.3255,6
4142,782038.324,8
4143,824937.627,8
4144,382041.2244,6
4145,749678.8291,8
4146,446219.1216,6
4147,502915.8269,6
4148,808827.5472,8
4149,543214.6819,6
4150,344660.9556,6
4151,394496.1929,6
4152,321809.6835,5
4153,582432.0681,8
4154,782788.6315,9
4155,551469.4008,6
4156,491624.5093,6
4157,339455.8192,6
4158,623508.8182,7
4159,484294.5934,6
4160,527206.3339,8
4161,384465.2181,6
4162,529511.4092,6
4163,332095.3874,6
4164,490583.0832,6
4165,375198.2133,6
4166,714224.8147,8
4167,373210.1835,6
4168,464166.7412,6
4169,811942.2524,8
4170,233928.2829,5
4171,228146.1059,4
4172,297684.7617,6
4173,461511.544,6
4174,288346.063,6
4175,392093.5447,5
4176,528453.1906,6
4177,487686.6961,6
4178,604009.5424,7
4179,395245.201,6
4180,893559.8868,8
4181,372590.254,6
4182,544194.9315,7
4183,603036.6579,7
4184,502198.6746,6
4185,557441.5255,8
4186,694721.9161,8
4187,720836.7516,8
4188,863259.5245,8
4189,398403.5627,6
4190,248595.2213,4
4191,513249.9761,6
4192,759750.2725,8
4193,423745.8433,7
4194,484576.0405,7
4195,234075.1499,4
4196,690372.0121,8
4197,344056.157,6
4198,394702.5207,5
4199,121463.4591,3
4200,277800.7244,5
4201,354490.3946,5
4202,853740.8692,8
4203,367863.8454,6
4204,375260.7734,6
4205,478900.548,8
4206,243497.1084,4
4207,375599.1323,6
4208,240662.167,4
4209,835934.1417,9
4210,117351.0113,3
4211,238933.185,4
4212,633700.2425,8
4213,549902.3748,7
4214,847040.0642,8
4215,549820.5679,8
4216,516955.8596,6
4217,505380.4246,8
4218,777106.7258,8
4219,386789.8642,6
4220,458634.2022,7
4221,578135.342,8
4222,643255.8924,7
4223,552120.4898,6
4224,798410.9083,8
4225,933452.7564,8
4226,408702.5609,6
4227,582556.5898,7
4228,526616.6877,6
4229,758163.7368,8
4230,632625.8868,8
4231,420790.1921,6
4232,531818.7208,7
4233,701197.9468,8
4234,396906.7843,5
4235,647249.8202,7
4236,675712.3023,8
4237,450544.174,6
4238,453308.9118,6
4239,496936.0539,6
4240,653012.8135,8
4241,624754.5953,8
4242,476166.4706,6
4243,551338.8131,6
4244,832342.9463,8
4245,273374.8637,5
4246,352744.3675,6
4247,924391.0751,8
4248,499802.9788,7
4249,543612.1091,6
4250,256507.541,5
4251,678720.2014,8
4252,812986.7945,8
4253,789379.7306,8
4254,404426.4285,5
4255,432656.3993,6
4256,251007.1607,5
4257,548941.7314,6
4258,444655.9455,6
4259,400896.4906,5
4260,559856.4667,7
4261,401804.7429,6
4262,565755.2446,6
4263,523498.2408,7
4264,576586.9277,6
4265,964988.7875,8
4266,909383.9457,8
4267,365713.964,6
4268,531060.6788,7
4269,635835.2224,7
4270,456025.0872,7
4271,780241.4351,8
4272,315666.4512,5
4273,831181.6128,8
4274,243830.5447,4
4275,295968.1052,5
4276,295020.7957,6
4277,758982.682,8
4278,409503.8152,6
4279,313916.5537,5
4280,397920.1554,6
4281,528521.2178,6
4282,873255.8236,8
4283,391856.9143,5
4284,488062.9051,6
4285,392595.3843,6
4286,938503.3881,8
4287,396598.1585,6
4288,933721.3804,8
4289,460654.2564,6
4290,214194.386,5
4291,470452.5421,7
4292,569760.1742,6
4293,328626.2268,5
4294,611371.9118,8
4295,383450.593,5
4296,368702.7542,6
4297,801327.1689,8
4298,358128.4768,6
4299,580074.4413,7
4300,486930.8311,6
4301,818053.1852,8
4302,475701.8485,6
4303,520453.216,6
4304,348317.0947,6
4305,526354.3324,7
4306,775951.3424,8
4307,558837.3985,6
4308,738163.5962,8
4309,501584.1223,7
4310,478599.1317,6
4311,492456.6062,6
4312,741073.3445,8
4313,390769.2745,5
4314,455083.9068,6
4315,172497.8197,5
4316,553124.6589,7
4317,581669.1849,7
4318,356084.2538,6
4319,268482.2756,5
4320,352234.4625,5
4321,400583.0433,6
4322,437102.1717,6
4323,462933.299,6
4324,505794.422,6
4325,402833.6746,6
4326,716341.2578,8
4327,523205.4062,6
4328,612842.5983,7
4329,492463.3171,6
4330,474926.3014,7
4331,425985.0404,8
4332,890145.4532,9
4333,451573.0917,6
4334,478113.6968,6
4335,162478.2618,5
4336,776053.6347,8
4337,385170.1983,6
4338,513621.6807,6
4339,680815.8477,8
4340,632918.8434,8
4341,508518.1937,7
4342,446475.7331,6
4343,886692.6104,8
4344,150954.2407,5
4345,912345.5477,8
4346,350728.5193,5
4347,840007.9439,8
4348,416206.7375,5
4349,476294.8294,8
4350,448942.5497,6
4351,342545.7735,5
4352,408752.6154,6
4353,247558.3121,4
4354,844065.3558,8
4355,782662.0948,8
4356,391145.9612,6
4357,340215.6023,6
4358,768617.794,8
4359,263482.8589,5
4360,239354.9052,5
4361,803060.6127,8
4362,440161.9208,6
4363,467480.9925,6
4364,561808.387,6
4365,542896.1279,8
4366,342480.5488,6
4367,543759.461,6
4368,505604.2851,7
4369,478879.2108,7
4370,478976.4691,6
4371,520113.45,6
4372,518915.1381,6
4373,664895.3419,8
4374,610231.4812,7
4375,416291.3177,6
4376,783780.9918,8
4377,285378.507,5
4378,1018779.711,9
4379,889171.1797,8
4380,407927.1826,6
4381,560305.6599,8
4382,385592.2395,5
4383,566295.0536,8
4384,539646.0616,6
4385,456093.421,6
4386,407877.035,6
4387,543228.7338,7
4388,663952.6657,8
4389,240999.4722,4
4390,761658.3331,8
4391,400216.4003,6
4392,737271.2316,8
4393,525421.4638,6
4394,461490.8147,6
4395,550127.2691,6
4396,477900.1512,6
4397,243373.3222,4
4398,593327.8966,7
4399,793645.2869,8
4400,580943.3042,8
4401,736106.7054,8
4402,469121.637,7
4403,522642.5314,6
4404,239044.6323,4
4405,905484.452,8
4406,634103.7105,7
4407,594590.4465,8
4408,519969.2106,6
4409,533447.9414,7
4410,395870.7337,6
4411,558389.8602,6
4412,467173.7244,7
4413,607604.2946,8
4414,382627.3707,5
4415,543806.6027,6
4416,439977.6545,6
4417,241510.1923,4
4418,492227.5797,8
4419,366846.2647,5
4420,531680.214,6
4421,524802.2902,7
4422,400988.0092,6
4423,250102.4347,5
4424,844574.7395,8
4425,710613.5149,8
4426,517228.5055,7
4427,669726.261,7
4428,392360.1502,6
4429,802793.0744,8
4430,451372.0833,7
4431,584395.819,8
4432,570146.6468,6
4433,687281.3349,8
4434,518399.8198,6
4435,850038.0427,8
4436,429709.952,6
4437,654598.0296,8
4438,338300.3469,6
4439,558351.5328,8
4440,530380.5672,7
4441,391017.6557,5
4442,385965.7007,6
4443,336842.2949,5
4444,241143.9981,4
4445,753825.4468,8
4446,577619.5051,8
4447,283243.0061,5
4448,991981.0419,8
4449,649255.6977,8
4450,470058.6046,6
4451,414134.0462,6
4452,432918.3895,6
4453,886291.6639,8
4454,586760.2327,8
4455,340763.6773,5
4456,372263.1507,6
4457,386298.7879,6
4458,383184.8423,6
4459,388909.1398,5
4460,581207.3403,8
4461,400982.7594,6
4462,839913.2376,8
4463,530401.9833,6
4464,513951.5273,8
4465,364351.299,5
4466,911066.3262,9
4467,707588.209,8
4468,326547.5804,6
4469,538066.6907,8
4470,260226.9072,5
4471,368092.9401,6
4472,259825.0016,5
4473,486615.2623,6
4474,406894.9106,6
4475,277186.7366,5
4476,428499.5505,6
4477,281926.1348,6
4478,467202.1109,6
4479,331786.9708,5
4480,839708.1629,8
4481,558468.5102,7
4482,647207.3672,8
4483,345136.7746,5
4484,515195.0226,6
4485,401401.3987,5
4486,396574.5873,6
4487,769862.8786,8
4488,581437.3367,8
4489,551151.6107,6
4490,805263.5967,8
4491,738755.599,8
4492,462244.0865,6
4493,686666.0429,8
4494,463931.9842,6
4495,647691.1471,7
4496,419113.411,6
4497,263515.9147,5
4498,530408.545,6
4499,509193.5998,6
4500,485079.1689,7
4501,780855.3864,8
4502,214250.1818,5
4503,334851.2063,6
4504,527107.3152,6
4505,412552.1463,6
4506,837605.0163,8
4507,501728.7551,6
4508,501992.0865,7
4509,305637.6355,6
4510,431652.1294,6
4511,793180.3319,8
4512,267584.4375,6
4513,374205.8386,5
4514,600546.6973,8
4515,401266.3953,6
4516,466212.672,6
4517,476531.6179,7
4518,471205.0675,6
4519,489735.8089,6
4520,524566.2059,7
4521,270985.8336,5
4522,495512.8278,6
4523,333324.3944,5
4524,747608.0105,8
4525,406463.0534,6
4526,857748.8189,8
4527,885451.9967,9
4528,454975.1069,6
4529,396234.5616,6
4530,354882.0492,6
4531,844679.6871,8
4532,518963.3437,6
4533,448514.0041,7
4534,418693.4901,5
4535,242092.4561,5
4536,558846.734,6
4537,534354.2258,6
4538,427492.2449,6
4539,716645.3806,8
4540,526430.4266,6
4541,375122.1607,6
4542,407925.3472,6
4543,472844.192,6
4544,507863.2391,6
4545,619609.618,8
4546,486473.8222,8
4547,447764.6695,6
4548,330180.9151,6
4549,863228.148,8
4550,502517.8936,7
4551,397584.0545,5
4552,552467.5722,6
4553,506804.2582,6
4554,415330.3331,6
4555,565337.6349,6
4556,724983.3763,8
4557,577875.4208,6
4558,370693.1929,5
4559,485765.1271,6
4560,401416.38,5
4561,522224.0268,6
4562,572429.0301,6
4563,852326.8743,8
4564,877242.4858,9
4565,923074.9016,8
4566,346799.6409,6
4567,665510.8684,7
4568,399911.9816,6
4569,320151.5261,6
4570,635345.0249,8
4571,747016.4793,8
4572,547872.0629,6
4573,439926.5522,6
4574,557760.5623,7
4575,319104.5113,5
4576,901142.6099,8
4577,577834.8365,8
4578,757834.5064,8
4579,740393.9675,8
4580,530568.9728,6
4581,388184.2708,6
4582,534173.178,6
4583,838282.3874,8
4584,468711.4696,6
4585,878299.927,8
4586,396105.3252,5
4587,365949.6854,5
4588,306282.3846,5
4589,551922.8874,7
4590,513710.962,6
4591,484441.1484,6
4592,479772.7324,6
4593,369829.8577,5
4594,523051.3261,6
4595,763590.5418,8
4596,866305.1064,8
4597,583270.8694,7
4598,551938.9469,6
4599,368283.4781,6
4600,563351.7937,6
4601,858522.7834,8
4602,860095.8766,8
4603,404168.6227,6
4604,473025.7234,6
4605,296632.067,5
4606,410634.4121,6
4607,684550.4265,8
4608,327967.9338,5
4609,457921.3654,7
4610,506884.9514,6
4611,478333.8972,6
4612,585847.1991,7
4613,188335.9667,5
4614,571126.6663,7
4615,551884.636,6
4616,494741.0958,8
4617,792803.7415,8
4618,827802.0816,8
4619,540425.516,6
4620,453234.7558,6
4621,606849.3719,7
4622,563220.6784,7
4623,486336.3997,6
4624,550693.8159,8
4625,325874.8622,5
4626,437116.488,6
4627,449983.1942,6
4628,537192.8168,6
4629,861413.7667,8
4630,403493.1249,5
4631,353129.8963,6
4632,367825.6001,6
4633,405976.7968,6
4634,598526.226,8
4635,614580.223,8
4636,322825.3741,6
4637,694579.8275,8
4638,403173.9729,6
4639,551566.8782,8
4640,404971.3336,6
4641,659737.1743,8
4642,545963.3435,8
4643,529127.5211,7
4644,427151.0705,6
4645,799334.6248,8
4646,452613.5573,6
4647,862469.8378,8
4648,397907.2455,6
4649,247400.9393,4
4650,526631.1949,8
4651,960413.1689,8
4652,821487.4234,8
4653,600129.4734,7
4654,521079.1004,7
4655,906222.6831,8
4656,271637.3998,6
4657,244066.4289,5
4658,404947.53,5
4659,250812.7202,5
4660,277437.7968,5
4661,445505.1248,6
4662,655977.7255,8
4663,392963.7393,6
4664,396511.6342,5
4665,926880.9214,9
4666,837604.8139,8
4667,445080.1,6
4668,651890.7932,8
4669,380661.2746,5
4670,349900.9389,6
4671,451022.8607,6
4672,422179.5392,7
4673,445733.2007,6
4674,358611.3671,6
4675,951389.7473,8
4676,745101.2188,8
4677,771051.3291,8
4678,447424.1739,6
4679,529154.924,6
4680,378677.943,6
4681,641600.2473,7
4682,436064.2352,8
4683,419693.0761,6
4684,857009.7481,9
4685,447640.6112,6
4686,538926.2639,7
4687,569145.9886,8
4688,452176.2989,6
4689,610042.9106,7
4690,526032.4405,6
4691,506981.1538,6
4692,492389.0838,6
4693,868519.4662,8
4694,400396.4164,5
4695,400960.4194,6
4696,685392.5297,8
4697,784130.1827,8
4698,516714.2842,6
4699,604578.9857,8
4700,571281.801,8
4701,702962.7347,8
4702,388703.3085,6
4703,423603.2783,6
4704,885459.9842,8
4705,729663.4437,8
4706,942500.7593,8
4707,387668.5304,6
4708,419744.8324,6
4709,305288.1207,5
4710,510578.8721,6
4711,625082.1943,8
4712,574135.1738,8
4713,433564.9718,6
4714,678909.5387,8
4715,443887.726,6
4716,236167.446,4
4717,558191.7991,6
4718,283611.0688,5
4719,693779.8314,8
4720,478127.225,7
4721,821759.508,8
4722,395317.6991,6
4723,425166.5708,6
4724,834772.3898,8
4725,410058.3722,5
4726,327626.686,6
4727,717245.6631,8
4728,739590.2852,8
4729,541853.6406,6
4730,547104.685,7
4731,419639.0307,6
4732,434335.0721,6
4733,373619.9598,6
4734,464290.6137,6
4735,350438.4698,6
4736,440281.8855,6
4737,496568.623,7
4738,644128.952,8
4739,720054.386,8
4740,264528.5775,5
4741,560764.9177,8
4742,425341.5825,6
4743,978324.1443,9
4744,294606.8996,5
4745,890651.7532,8
4746,533466.582,6
4747,406962.2022,5
4748,803267.9984,8
4749,425876.2009,6
4750,514695.3928,6
4751,708482.7297,8
4752,383455.8834,6
4753,438495.6613,6
4754,273945.5323,5
4755,479215.956,7
4756,884731.7709,8
4757,836789.0976,8
4758,315227.1831,5
4759,442782.561,6
4760,832992.2121,8
4761,708143.6692,8
4762,452694.8549,8
4763,256829.703,5
4764,786494.2192,8
4765,747540.866,8
4766,530142.1568,8
4767,494250.599,7
4768,568045.9523,6
4769,943049.7191,8
4770,422883.0809,6
4771,124274.5199,3
4772,479386.5009,8
4773,708241.7448,8
4774,387885.2469,6
4775,520266.4087,6
4776,401610.6518,6
4777,460480.1165,6
4778,510360.2407,7
4779,893943.6852,8
4780,610795.8938,7
4781,810199.0826,8
4782,509156.0414,6
4783,732306.4529,8
4784,499941.3363,6
4785,525330.6744,6
4786,912522.817,9
4787,854716.5066,8
4788,866356.4483,8
4789,442610.0248,6
4790,29777.71116,2
4791,806306.6864,8
4792,237320.8237,4
4793,421005.2072,6
4794,615849.4262,7
4795,787025.7054,8
4796,366315.9273,6
4797,602314.2349,8
4798,730957.2375,8
4799,396187.6063,8
4800,393766.0025,6
4801,688981.1878,8
4802,509787.794,7
4803,503936.3859,7
4804,765486.6014,8
4805,565855.7083,8
4806,655601.5172,7
4807,393967.1925,5
4808,599200.4406,7
4809,404302.1776,6
4810,233156.7446,4
4811,575507.9378,8
4812,595095.2125,8
4813,531778.3714,6
4814,512242.9624,6
4815,471839.9874,7
4816,399736.5398,6
4817,501423.6824,7
4818,217167.2659,4
4819,815730.6113,8
4820,903607.483,8
4821,555722.3782,6
4822,254447.9017,5
4823,885392.9602,8
4824,802624.3426,8
4825,530045.9348,7
4826,581863.3501,7
4827,928839.4398,8
4828,446686.8185,6
4829,659741.5954,8
4830,408689.456,6
4831,648426.5734,7
4832,250995.6052,4
4833,540073.909,6
4834,520895.9212,8
4835,467073.1689,6
4836,428753.4259,6
4837,630917.4527,7
4838,420444.2181,6
4839,460699.749,6
4840,611541.953,8
4841,652476.4929,8
4842,544644.2366,6
4843,403577.4632,6
4844,822179.5464,8
4845,438423.6706,6
4846,877287.2104,9
4847,398336.2056,6
4848,844611.3674,9
4849,405752.6053,5
4850,541346.0347,8
4851,742397.7441,8
4852,504903.1439,6
4853,708631.8207,8
4854,418773.1487,6
4855,579973.9773,8
4856,914558.4453,8
4857,410876.2687,6
4858,676005.0045,8
4859,474861.153,8
4860,452299.6583,7
4861,228206.8964,4
4862,456670.0638,6
4863,773768.2158,8
4864,470488.5062,6
4865,687692.7353,8
4866,461019.7161,6
4867,803197.7102,8
4868,751089.5683,8
4869,665801.3558,8
4870,693606.6017,8
4871,828009.7134,8
4872,296373.5968,6
4873,779637.2263,8
4874,343774.3842,5
4875,597665.1581,8
4876,734486.7224,8
4877,559355.6257,6
4878,670509.2974,8
4879,399550.4955,6
4880,668606.4307,8
4881,660918.6358,8
4882,487559.4018,6
4883,538036.6905,6
4884,415273.5486,6
4885,472319.7061,6
4886,470891.1641,6
4887,525433.6991,6
4888,878663.9641,8
4889,414842.7591,5
4890,520593.0239,6
4891,831677.9593,8
4892,425215.084,6
4893,471872.4116,6
4894,239412.3183,4
4895,692200.0672,8
4896,547617.4876,6
4897,319866.2776,6
4898,540060.0124,7
4899,560350.8394,6
4900,458392.095,8
4901,599831.5671,8
4902,423405.5114,6
4903,533009.9301,8
4904,474705.1381,6
4905,412764.3315,5
4906,422221.2311,6
4907,397760.681,6
4908,351393.0484,6
4909,532829.9449,7
4910,541648.969,6
4911,527649.5242,6
4912,567584.5024,8
4913,649822.7279,8
4914,813921.5687,8
4915,499142.6066,6
4916,580519.3564,6
4917,338672.8666,6
4918,226248.0305,4
4919,468257.7369,8
4920,468977.9804,6
4921,450499.9786,6
4922,401991.1257,6
4923,436078.8873,6
4924,627970.6546,8
4925,334650.3483,6
4926,297955.4971,5
4927,490544.3583,6
4928,805717.019,8
4929,417771.8411,6
4930,442924.9934,6
4931,682964.3225,8
4932,508609.0971,6
4933,545111.191,6
4934,565738.1794,8
4935,495787.9809,6
4936,458797.3149,7
4937,409684.6397,6
4938,816698.4724,8
4939,522337.7793,8
4940,636415.8664,8
4941,431623.9963,6
4942,377707.8436,5
4943,659485.261,8
4944,398097.5216,6
4945,413897.5279,6
4946,550923.5136,8
4947,505525.7988,6
4948,628423.6928,8
4949,441550.8878,6
4950,510944.5553,6
4951,401812.8435,8
4952,404747.0642,5
4953,740204.0963,8
4954,412052.5334,5
4955,891746.9518,9
4956,551252.4936,7
4957,639501.4867,8
4958,458643.4911,6
4959,853309.6828,8
4960,408226.4124,6
4961,434424.6975,6
4962,692731.4316,8
4963,805295.0847,8
4964,404244.2007,6
4965,865282.7835,8
4966,511450.7347,7
4967,956964.1529,8
4968,659352.864,8
4969,388730.2237,5
4970,321299.9783,5
4971,558893.7392,8
4972,868765.7781,8
4973,414089.9616,5
4974,745929.0965,8
4975,601052.4087,8
4976,729234.9987,8
4977,569423.2568,6
4978,693086.8647,8
4979,621767.6771,8
4980,438350.2678,6
4981,504102.5653,6
4982,760344.4257,8
4983,524378.6424,7
4984,376220.5327,6
4985,221307.2145,4
4986,473437.9846,6
4987,656164.867,7
4988,910011.4884,8
4989,994084.1004,8
4990,852130.8267,9
4991,376160.3084,5
4992,469301.6506,6
4993,510241.3904,6
4994,442699.021,6
4995,755125.1729,8
4996,803547.7192,8
4997,405614.8766,5
4998,508659.9239,7
4999,358852.892,6
